hour,electricity_price
0,-825
1,220
2,-463
3,1550
4,603
5,-789
6,-81
7,639
8,372
9,2257
10,2470
11,1583
12,2656
13,-655
14,-634
15,1602
16,1778
17,-96
18,2239
19,1022
20,92
21,456
22,919
23,-609
24,1988
25,2584
26,99
27,1871
28,1298
29,2078
30,2859
31,2516
32,2116
33,2775
34,349
35,2896
36,176
37,-817
38,1997
39,2184
40,-237
41,2261
42,-710
43,-688
44,1249
45,486
46,1598
47,-228
48,1542
49,161
50,2927
51,2555
52,219
53,2144
54,2923
55,-56
56,-743
57,728
58,1448
59,2446
60,951
61,373
62,1988
63,1652
64,-236
65,607
66,1327
67,2594
68,1793
69,1851
70,472
71,341
72,415
73,175
74,-908
75,-241
76,248
77,685
78,1404
79,-69
80,1529
81,1627
82,2963
83,243
84,-519
85,43
86,1971
87,2588
88,-213
89,-967
90,2195
91,310
92,2769
93,1789
94,865
95,-11
96,1001
97,919
98,439
99,154
100,107
101,-598
102,1069
103,655
104,2651
105,1251
106,978
107,-953
108,-216
109,1572
110,-651
111,1155
112,2817
113,-607
114,-156
115,859
116,-378
117,-346
118,-364
119,-724
120,-691
121,1044
122,935
123,-173
124,1083
125,840
126,1308
127,835
128,1504
129,498
130,786
131,2638
132,2627
133,2055
134,2287
135,-27
136,1482
137,-961
138,155
139,2485
140,932
141,-540
142,1895
143,2869
144,2720
145,-434
146,-322
147,-627
148,1758
149,2733
150,-956
151,2035
152,-353
153,2793
154,1026
155,-505
156,-803
157,1148
158,2252
159,1
160,-831
161,-971
162,1330
163,856
164,2836
165,1238
166,-274
167,762
168,2084
169,-354
170,2560
171,954
172,-557
173,-894
174,2694
175,908
176,1545
177,373
178,-514
179,258
180,1577
181,2077
182,1895
183,-951
184,462
185,356
186,641
187,0
188,-12
189,-818
190,711
191,1469
192,1647
193,685
194,2332
195,1523
196,1636
197,-767
198,1379
199,1822
200,2960
201,1273
202,-531
203,-915
204,694
205,2947
206,1524
207,848
208,843
209,1295
210,207
211,2705
212,2980
213,100
214,2949
215,-68
216,735
217,1133
218,722
219,833
220,254
221,-89
222,2883
223,2387
224,-150
225,-425
226,948
227,1448
228,2973
229,2107
230,2661
231,-712
232,1677
233,1775
234,2039
235,-839
236,-955
237,960
238,652
239,-525
240,1446
241,1093
242,-127
243,2114
244,1912
245,-710
246,2167
247,2952
248,1231
249,1278
250,-86
251,-735
252,993
253,-731
254,2413
255,1049
256,311
257,-90
258,1256
259,-440
260,2737
261,2569
262,6
263,185
264,1005
265,2027
266,1303
267,2410
268,1624
269,1509
270,850
271,2338
272,1046
273,460
274,2578
275,1587
276,-844
277,2080
278,2831
279,2553
280,1660
281,1476
282,790
283,1870
284,2370
285,372
286,1567
287,1801
288,1191
289,664
290,2282
291,255
292,2052
293,2760
294,2520
295,2116
296,1569
297,2886
298,1488
299,-6
300,-824
301,1687
302,451
303,2589
304,-83
305,1192
306,1025
307,-989
308,2946
309,2232
310,-192
311,572
312,-931
313,948
314,2435
315,2677
316,1097
317,2901
318,-634
319,1538
320,1484
321,1032
322,2807
323,-353
324,1140
325,519
326,850
327,1738
328,2760
329,1894
330,-441
331,662
332,-42
333,-539
334,2283
335,129
336,101
337,2608
338,91
339,927
340,2633
341,2562
342,440
343,2105
344,-669
345,2931
346,2140
347,-770
348,-393
349,2709
350,-237
351,2057
352,2645
353,2934
354,1126
355,2948
356,1475
357,612
358,2472
359,2441
360,658
361,2482
362,1016
363,1428
364,2051
365,2937
366,-480
367,716
368,630
369,1913
370,743
371,1454
372,-816
373,1229
374,570
375,804
376,-740
377,-956
378,335
379,300
380,-189
381,1481
382,1322
383,1232
384,1709
385,970
386,1169
387,2478
388,-982
389,2013
390,2943
391,-753
392,-995
393,669
394,862
395,2551
396,2229
397,424
398,-62
399,270
400,-58
401,2140
402,-762
403,1150
404,741
405,474
406,-92
407,1870
408,112
409,-909
410,19
411,1487
412,2088
413,-506
414,404
415,-355
416,-896
417,-395
418,1121
419,2500
420,-305
421,1343
422,230
423,-34
424,214
425,410
426,1597
427,-658
428,265
429,-186
430,289
431,1723
432,2599
433,-84
434,2744
435,891
436,941
437,2270
438,2540
439,-104
440,-788
441,-455
442,557
443,858
444,1315
445,1351
446,2211
447,2108
448,1504
449,2821
450,2755
451,789
452,1759
453,-179
454,1823
455,-595
456,1174
457,299
458,2926
459,2373
460,-566
461,1275
462,1942
463,1897
464,569
465,1824
466,1932
467,-281
468,994
469,810
470,2035
471,1491
472,2665
473,1010
474,1151
475,2968
476,1632
477,-91
478,176
479,2340
480,713
481,2298
482,1243
483,148
484,-392
485,-270
486,-663
487,739
488,1177
489,829
490,-195
491,-50
492,-504
493,-31
494,1907
495,-277
496,2627
497,2250
498,1900
499,2266
500,2183
501,1184
502,786
503,2646
504,2156
505,2385
506,407
507,-56
508,482
509,2232
510,-746
511,1938
512,1797
513,-166
514,2990
515,2964
516,2779
517,-63
518,2100
519,717
520,1127
521,12
522,1477
523,638
524,1377
525,1921
526,65
527,-708
528,-576
529,1828
530,378
531,1724
532,878
533,-291
534,1107
535,359
536,2203
537,1213
538,2442
539,110
540,2758
541,1062
542,-4
543,1707
544,1226
545,1412
546,1341
547,2385
548,1542
549,-657
550,605
551,752
552,2339
553,562
554,525
555,314
556,1640
557,833
558,2923
559,826
560,2007
561,1034
562,1890
563,1884
564,2267
565,2588
566,1664
567,1183
568,-766
569,1874
570,-376
571,1306
572,1855
573,-48
574,866
575,2144
576,885
577,2588
578,2584
579,2764
580,-375
581,1007
582,556
583,660
584,501
585,1937
586,567
587,2440
588,585
589,2440
590,-766
591,2222
592,1718
593,-886
594,856
595,1210
596,-916
597,103
598,2476
599,-599
600,2466
601,1048
602,1944
603,1274
604,2747
605,143
606,142
607,1204
608,1473
609,2875
610,-147
611,-2
612,2245
613,2928
614,468
615,1262
616,2159
617,500
618,1291
619,2979
620,400
621,35
622,909
623,1454
624,-76
625,956
626,-166
627,-907
628,2431
629,2945
630,-690
631,-318
632,2834
633,2464
634,2750
635,-910
636,-855
637,-856
638,607
639,654
640,80
641,-755
642,2844
643,1814
644,-826
645,91
646,2312
647,2799
648,1990
649,-204
650,708
651,1340
652,55
653,2376
654,1600
655,-366
656,-83
657,211
658,1303
659,1368
660,2100
661,2079
662,-445
663,2418
664,1181
665,2404
666,2905
667,237
668,1649
669,716
670,2057
671,1137
672,14
673,2450
674,2093
675,-386
676,1155
677,400
678,-835
679,817
680,2454
681,1628
682,-587
683,174
684,1080
685,-169
686,494
687,762
688,1058
689,2405
690,1723
691,1977
692,574
693,383
694,1672
695,2536
696,988
697,943
698,1560
699,-918
700,993
701,798
702,2985
703,2330
704,-986
705,710
706,-678
707,311
708,1952
709,2149
710,500
711,2241
712,-846
713,1663
714,810
715,2412
716,-465
717,2767
718,2996
719,2420
720,1939
721,2577
722,2791
723,837
724,1913
725,984
726,2841
727,2864
728,639
729,-174
730,828
731,-446
732,71
733,1902
734,451
735,1945
736,620
737,2272
738,367
739,1734
740,843
741,1429
742,2611
743,1339
744,230
745,1198
746,-372
747,1649
748,2189
749,725
750,-207
751,-458
752,130
753,1636
754,2513
755,1029
756,2927
757,894
758,-239
759,-752
760,-557
761,1648
762,2414
763,-845
764,2458
765,-182
766,-598
767,899
768,1533
769,-471
770,-948
771,2537
772,540
773,2673
774,245
775,1891
776,-387
777,-234
778,-777
779,594
780,1563
781,-74
782,2525
783,272
784,2815
785,2134
786,2072
787,1538
788,2436
789,-880
790,1127
791,468
792,2829
793,1148
794,-956
795,677
796,2680
797,2188
798,1615
799,1042
800,-520
801,2766
802,-669
803,-765
804,217
805,1400
806,-257
807,-610
808,2376
809,1435
810,1982
811,-433
812,-10
813,2972
814,2291
815,1664
816,2358
817,-206
818,2374
819,2127
820,2625
821,-178
822,-501
823,1842
824,2163
825,2801
826,983
827,986
828,685
829,-764
830,738
831,2569
832,2425
833,2109
834,1860
835,-311
836,746
837,1349
838,1897
839,2383
840,1542
841,1833
842,2298
843,-32
844,1934
845,613
846,2134
847,2631
848,1117
849,-594
850,-448
851,1867
852,1625
853,-59
854,1997
855,1080
856,204
857,-629
858,2783
859,-100
860,2101
861,-924
862,2428
863,2072
864,2301
865,26
866,839
867,2413
868,814
869,1377
870,-10
871,878
872,-881
873,-563
874,2927
875,1987
876,76
877,1826
878,160
879,867
880,655
881,1343
882,2896
883,-677
884,2567
885,-373
886,-161
887,-376
888,1832
889,1630
890,-225
891,357
892,2088
893,-236
894,2074
895,383
896,668
897,2010
898,53
899,253
900,1381
901,1239
902,1840
903,2264
904,2797
905,891
906,131
907,-761
908,-782
909,757
910,1767
911,1692
912,-851
913,2310
914,1715
915,452
916,400
917,482
918,1459
919,472
920,1133
921,-207
922,1925
923,-37
924,-995
925,1944
926,709
927,-727
928,866
929,2879
930,687
931,1535
932,-294
933,2027
934,-18
935,-156
936,2124
937,2864
938,2586
939,735
940,1524
941,637
942,607
943,1299
944,1482
945,212
946,1793
947,1339
948,2424
949,1674
950,2353
951,2241
952,-276
953,843
954,285
955,2510
956,2964
957,1815
958,2491
959,-409
960,1344
961,2332
962,2483
963,-480
964,1113
965,1580
966,1306
967,1734
968,-509
969,-923
970,-224
971,2477
972,2211
973,-936
974,-990
975,-127
976,1680
977,1929
978,1465
979,2867
980,-969
981,-93
982,2103
983,-4
984,1849
985,1313
986,1781
987,1894
988,-934
989,2913
990,1251
991,1038
992,2577
993,145
994,2393
995,-518
996,-297
997,105
998,-867
999,2695
1000,1491
1001,702
1002,887
1003,-950
1004,2214
1005,2574
1006,2192
1007,2793
1008,2542
1009,424
1010,-120
1011,1821
1012,1929
1013,2495
1014,1172
1015,2924
1016,1172
1017,2970
1018,1070
1019,-612
1020,2822
1021,2297
1022,895
1023,1611
1024,2424
1025,2544
1026,713
1027,2894
1028,-94
1029,2088
1030,449
1031,-520
1032,399
1033,1675
1034,323
1035,466
1036,1707
1037,1834
1038,-60
1039,1770
1040,465
1041,24
1042,2065
1043,548
1044,69
1045,-723
1046,-216
1047,-826
1048,499
1049,-534
1050,295
1051,386
1052,2322
1053,1012
1054,427
1055,738
1056,2055
1057,13
1058,964
1059,2563
1060,-399
1061,856
1062,1648
1063,2616
1064,-449
1065,712
1066,2022
1067,2493
1068,658
1069,2111
1070,934
1071,563
1072,-565
1073,-247
1074,2824
1075,1818
1076,1550
1077,1257
1078,-304
1079,-359
1080,1542
1081,2906
1082,-758
1083,2102
1084,-671
1085,239
1086,1800
1087,1884
1088,1349
1089,2884
1090,1660
1091,950
1092,-920
1093,93
1094,716
1095,-321
1096,773
1097,473
1098,1266
1099,1400
1100,-185
1101,2834
1102,663
1103,2661
1104,2531
1105,319
1106,1955
1107,1913
1108,1853
1109,-690
1110,624
1111,-78
1112,2028
1113,952
1114,446
1115,2193
1116,2379
1117,2548
1118,-150
1119,-888
1120,1689
1121,2500
1122,1890
1123,2071
1124,1250
1125,-440
1126,2432
1127,26
1128,2871
1129,-1
1130,-841
1131,1481
1132,551
1133,-315
1134,1809
1135,-98
1136,529
1137,620
1138,1710
1139,928
1140,1961
1141,1591
1142,479
1143,2370
1144,865
1145,883
1146,2429
1147,2069
1148,951
1149,1362
1150,2912
1151,-578
1152,201
1153,1798
1154,1432
1155,-201
1156,-209
1157,2680
1158,31
1159,280
1160,339
1161,182
1162,-517
1163,1298
1164,-56
1165,-596
1166,1240
1167,1875
1168,768
1169,2574
1170,2842
1171,-802
1172,1210
1173,904
1174,713
1175,1637
1176,1413
1177,270
1178,52
1179,924
1180,17
1181,2262
1182,-697
1183,-852
1184,2729
1185,2367
1186,-18
1187,362
1188,503
1189,1135
1190,1574
1191,2600
1192,169
1193,-865
1194,1365
1195,1375
1196,266
1197,1083
1198,392
1199,1496
1200,1453
1201,885
1202,182
1203,97
1204,-303
1205,581
1206,976
1207,-120
1208,-863
1209,-359
1210,1964
1211,1064
1212,-345
1213,-506
1214,2690
1215,2290
1216,1681
1217,59
1218,2010
1219,43
1220,93
1221,2917
1222,2650
1223,504
1224,768
1225,2878
1226,55
1227,2595
1228,750
1229,1879
1230,-40
1231,45
1232,791
1233,2627
1234,1049
1235,2726
1236,618
1237,2511
1238,-837
1239,-862
1240,762
1241,-366
1242,2761
1243,2078
1244,290
1245,2246
1246,-175
1247,2994
1248,1677
1249,-122
1250,934
1251,-481
1252,-681
1253,1269
1254,-74
1255,-894
1256,2245
1257,880
1258,2116
1259,1760
1260,2000
1261,2960
1262,241
1263,-457
1264,833
1265,-126
1266,-912
1267,2662
1268,1617
1269,2043
1270,-665
1271,546
1272,2489
1273,2146
1274,2711
1275,1282
1276,1352
1277,-525
1278,836
1279,-951
1280,53
1281,823
1282,2080
1283,278
1284,3
1285,648
1286,2833
1287,480
1288,623
1289,2327
1290,316
1291,-564
1292,2646
1293,424
1294,2973
1295,2807
1296,834
1297,996
1298,4
1299,-149
1300,2011
1301,356
1302,-770
1303,2121
1304,2645
1305,1545
1306,484
1307,461
1308,-582
1309,1672
1310,-291
1311,1128
1312,1723
1313,860
1314,1586
1315,1477
1316,1833
1317,843
1318,1472
1319,2157
1320,-292
1321,2794
1322,249
1323,2587
1324,-297
1325,2406
1326,-229
1327,2633
1328,-354
1329,-914
1330,501
1331,2511
1332,735
1333,2393
1334,-411
1335,973
1336,1899
1337,1150
1338,2268
1339,1105
1340,1256
1341,60
1342,2147
1343,-789
1344,736
1345,855
1346,-134
1347,532
1348,359
1349,1492
1350,640
1351,2994
1352,1179
1353,-491
1354,-335
1355,1524
1356,1690
1357,-327
1358,1153
1359,-893
1360,2294
1361,1879
1362,878
1363,49
1364,1292
1365,-191
1366,2926
1367,259
1368,-609
1369,2608
1370,247
1371,-939
1372,1122
1373,999
1374,-430
1375,775
1376,567
1377,-106
1378,689
1379,-402
1380,2876
1381,1390
1382,-393
1383,630
1384,2012
1385,2525
1386,719
1387,692
1388,-452
1389,-729
1390,1256
1391,2245
1392,1581
1393,794
1394,1709
1395,2101
1396,1564
1397,1414
1398,1197
1399,-684
1400,1861
1401,-951
1402,2399
1403,1964
1404,300
1405,2796
1406,1894
1407,-678
1408,-953
1409,-480
1410,-417
1411,-466
1412,190
1413,-219
1414,1829
1415,1456
1416,1830
1417,2152
1418,-994
1419,2740
1420,-694
1421,-962
1422,2646
1423,912
1424,1692
1425,-185
1426,-506
1427,2175
1428,1104
1429,66
1430,1243
1431,2795
1432,-669
1433,118
1434,1468
1435,215
1436,-728
1437,917
1438,2394
1439,1122
1440,800
1441,517
1442,-832
1443,-358
1444,1219
1445,1591
1446,1117
1447,94
1448,1120
1449,1528
1450,2751
1451,1430
1452,-341
1453,1279
1454,944
1455,-829
1456,1789
1457,-44
1458,1133
1459,2248
1460,2958
1461,1612
1462,-621
1463,185
1464,-267
1465,-350
1466,2518
1467,-46
1468,1808
1469,2731
1470,1649
1471,2733
1472,2419
1473,1260
1474,2822
1475,2607
1476,2587
1477,2354
1478,2689
1479,-210
1480,-130
1481,117
1482,2610
1483,2550
1484,1133
1485,-543
1486,1907
1487,-678
1488,2943
1489,-401
1490,1110
1491,-114
1492,1507
1493,-133
1494,1542
1495,1322
1496,1847
1497,1784
1498,1127
1499,-492
1500,2436
1501,-382
1502,1980
1503,1846
1504,-601
1505,2855
1506,419
1507,737
1508,571
1509,-344
1510,1353
1511,184
1512,676
1513,486
1514,2595
1515,1751
1516,1205
1517,1723
1518,1514
1519,-984
1520,1477
1521,2221
1522,907
1523,369
1524,186
1525,1612
1526,738
1527,2163
1528,145
1529,-307
1530,2857
1531,46
1532,2558
1533,2375
1534,-492
1535,-909
1536,27
1537,-795
1538,2657
1539,1009
1540,2598
1541,2661
1542,833
1543,480
1544,2944
1545,2558
1546,492
1547,182
1548,639
1549,1324
1550,2304
1551,360
1552,760
1553,1393
1554,1243
1555,1517
1556,-867
1557,207
1558,-775
1559,2208
1560,-779
1561,-219
1562,1287
1563,2064
1564,518
1565,1352
1566,1087
1567,2307
1568,328
1569,1150
1570,565
1571,2297
1572,1572
1573,1617
1574,-320
1575,656
1576,931
1577,2137
1578,-403
1579,2291
1580,1089
1581,2292
1582,633
1583,1433
1584,1316
1585,2206
1586,967
1587,2427
1588,147
1589,1442
1590,590
1591,773
1592,-847
1593,1941
1594,2539
1595,2798
1596,-791
1597,1096
1598,1726
1599,2254
1600,-779
1601,403
1602,-392
1603,20
1604,606
1605,913
1606,148
1607,-792
1608,1232
1609,357
1610,1830
1611,2585
1612,1078
1613,-791
1614,2042
1615,889
1616,2131
1617,-373
1618,472
1619,1131
1620,1666
1621,2740
1622,-739
1623,2220
1624,1899
1625,1088
1626,985
1627,850
1628,-443
1629,2407
1630,2855
1631,1101
1632,105
1633,-223
1634,-207
1635,1337
1636,1946
1637,-367
1638,1598
1639,-744
1640,500
1641,2904
1642,160
1643,149
1644,1438
1645,2804
1646,392
1647,628
1648,760
1649,2281
1650,2029
1651,2297
1652,-353
1653,1180
1654,605
1655,2388
1656,-441
1657,-259
1658,342
1659,2614
1660,329
1661,1525
1662,1932
1663,2583
1664,-135
1665,2454
1666,-99
1667,-528
1668,-939
1669,2584
1670,575
1671,1960
1672,1384
1673,592
1674,-668
1675,-18
1676,1115
1677,2156
1678,156
1679,2590
1680,2749
1681,998
1682,-244
1683,1694
1684,2463
1685,30
1686,839
1687,-131
1688,1100
1689,1465
1690,710
1691,867
1692,2352
1693,534
1694,2120
1695,-878
1696,-491
1697,679
1698,645
1699,259
1700,-25
1701,-409
1702,2317
1703,345
1704,1951
1705,505
1706,529
1707,1205
1708,-78
1709,1331
1710,967
1711,2374
1712,2764
1713,486
1714,155
1715,1203
1716,1704
1717,-754
1718,1235
1719,896
1720,-28
1721,-920
1722,1997
1723,-33
1724,1032
1725,1375
1726,2056
1727,2312
1728,1125
1729,-157
1730,-750
1731,2602
1732,2337
1733,-188
1734,2198
1735,1313
1736,666
1737,889
1738,604
1739,282
1740,-522
1741,1008
1742,2013
1743,-678
1744,2889
1745,992
1746,-294
1747,-848
1748,2325
1749,2838
1750,-784
1751,-183
1752,-314
1753,1982
1754,-308
1755,-878
1756,738
1757,2545
1758,1247
1759,2479
1760,1579
1761,-874
1762,1690
1763,1249
1764,-707
1765,835
1766,2797
1767,1229
1768,199
1769,672
1770,-329
1771,1941
1772,307
1773,2394
1774,2669
1775,-272
1776,1115
1777,590
1778,-978
1779,-75
1780,-703
1781,-325
1782,-591
1783,1974
1784,1824
1785,2606
1786,2575
1787,350
1788,861
1789,981
1790,879
1791,824
1792,2243
1793,2245
1794,2039
1795,1876
1796,194
1797,2332
1798,2322
1799,616
1800,1690
1801,-419
1802,-825
1803,2127
1804,1966
1805,2165
1806,407
1807,2736
1808,-20
1809,1772
1810,-696
1811,362
1812,2905
1813,-666
1814,1042
1815,2645
1816,-877
1817,1648
1818,2653
1819,-383
1820,1848
1821,2140
1822,2220
1823,2775
1824,1207
1825,456
1826,1412
1827,1286
1828,56
1829,-395
1830,-286
1831,1546
1832,972
1833,2703
1834,819
1835,687
1836,1954
1837,-112
1838,1935
1839,361
1840,1920
1841,-915
1842,1214
1843,2336
1844,546
1845,411
1846,-175
1847,2614
1848,-945
1849,346
1850,152
1851,329
1852,-323
1853,1918
1854,636
1855,-275
1856,2233
1857,-401
1858,797
1859,811
1860,1664
1861,-742
1862,-718
1863,1045
1864,-739
1865,1187
1866,-939
1867,71
1868,1598
1869,2169
1870,1734
1871,556
1872,411
1873,-304
1874,2652
1875,-427
1876,1822
1877,-337
1878,1767
1879,2248
1880,117
1881,2748
1882,2719
1883,71
1884,2558
1885,1669
1886,1539
1887,2974
1888,1812
1889,931
1890,-874
1891,-419
1892,1672
1893,2800
1894,1973
1895,866
1896,2645
1897,309
1898,331
1899,266
1900,194
1901,508
1902,393
1903,-490
1904,-52
1905,-818
1906,1649
1907,-880
1908,482
1909,-978
1910,-216
1911,744
1912,1018
1913,488
1914,612
1915,1499
1916,1303
1917,330
1918,-462
1919,1524
1920,1493
1921,1292
1922,2749
1923,497
1924,507
1925,1774
1926,928
1927,1241
1928,1719
1929,577
1930,1606
1931,2486
1932,756
1933,1300
1934,2332
1935,1915
1936,976
1937,200
1938,1139
1939,2428
1940,-47
1941,-823
1942,1023
1943,-782
1944,161
1945,2098
1946,-203
1947,1802
1948,2434
1949,-597
1950,-932
1951,1396
1952,-63
1953,-25
1954,1908
1955,-217
1956,646
1957,2608
1958,-715
1959,2833
1960,-999
1961,1490
1962,1579
1963,2945
1964,838
1965,-648
1966,-503
1967,2154
1968,-37
1969,2488
1970,2160
1971,269
1972,2555
1973,2057
1974,792
1975,1744
1976,231
1977,304
1978,2426
1979,150
1980,2274
1981,751
1982,570
1983,2348
1984,1871
1985,588
1986,-677
1987,388
1988,-731
1989,2162
1990,824
1991,-985
1992,1283
1993,1497
1994,2488
1995,-615
1996,750
1997,-171
1998,2713
1999,237
2000,-511
2001,-772
2002,1702
2003,1056
2004,1140
2005,2603
2006,2715
2007,97
2008,1394
2009,2063
2010,2735
2011,-317
2012,1625
2013,839
2014,-977
2015,975
2016,2803
2017,-762
2018,2949
2019,400
2020,1922
2021,-941
2022,1770
2023,-77
2024,-94
2025,-841
2026,-48
2027,2156
2028,1819
2029,2252
2030,-128
2031,63
2032,2162
2033,-434
2034,2936
2035,1485
2036,2559
2037,1678
2038,2463
2039,562
2040,1619
2041,-698
2042,-43
2043,-784
2044,243
2045,-184
2046,553
2047,1973
2048,437
2049,1965
2050,2147
2051,250
2052,1615
2053,-697
2054,-290
2055,-163
2056,-415
2057,2704
2058,290
2059,1637
2060,2382
2061,1302
2062,2393
2063,-325
2064,2717
2065,1180
2066,1187
2067,2902
2068,74
2069,72
2070,-726
2071,673
2072,156
2073,-973
2074,1237
2075,968
2076,2225
2077,2202
2078,2943
2079,2881
2080,-472
2081,1363
2082,1625
2083,1860
2084,1914
2085,909
2086,822
2087,-35
2088,2374
2089,-706
2090,754
2091,867
2092,1042
2093,2139
2094,2770
2095,185
2096,722
2097,87
2098,1426
2099,972
2100,649
2101,2570
2102,2726
2103,2508
2104,969
2105,1038
2106,1336
2107,1291
2108,2265
2109,-836
2110,2391
2111,-592
2112,1457
2113,2348
2114,1548
2115,2093
2116,1517
2117,-371
2118,529
2119,142
2120,-218
2121,-206
2122,-27
2123,-115
2124,-652
2125,1613
2126,408
2127,2851
2128,535
2129,1737
2130,89
2131,2941
2132,1696
2133,1473
2134,2186
2135,-389
2136,-399
2137,-414
2138,112
2139,120
2140,-35
2141,2530
2142,1308
2143,2520
2144,1514
2145,2442
2146,560
2147,-495
2148,139
2149,2577
2150,126
2151,408
2152,2392
2153,2645
2154,-975
2155,-927
2156,2184
2157,317
2158,-206
2159,1476
2160,1367
2161,-242
2162,2891
2163,-425
2164,1549
2165,2069
2166,2042
2167,-223
2168,2475
2169,2316
2170,317
2171,296
2172,2259
2173,301
2174,2678
2175,1615
2176,-419
2177,-589
2178,510
2179,1999
2180,1437
2181,37
2182,155
2183,2731
2184,2308
2185,1569
2186,1186
2187,2627
2188,766
2189,2993
2190,2044
2191,1503
2192,1748
2193,516
2194,-742
2195,-908
2196,2239
2197,2320
2198,2771
2199,2596
2200,1192
2201,566
2202,370
2203,1482
2204,1696
2205,1322
2206,1146
2207,2024
2208,-785
2209,687
2210,1051
2211,967
2212,-275
2213,-302
2214,969
2215,2932
2216,-118
2217,681
2218,1737
2219,2860
2220,405
2221,-495
2222,-959
2223,-187
2224,2461
2225,-693
2226,1963
2227,2296
2228,314
2229,2887
2230,18
2231,1407
2232,842
2233,2565
2234,-645
2235,1588
2236,1126
2237,2850
2238,1372
2239,-289
2240,2881
2241,-944
2242,-107
2243,-616
2244,433
2245,-934
2246,233
2247,-12
2248,-396
2249,2409
2250,2226
2251,-207
2252,1458
2253,1770
2254,-897
2255,-125
2256,1944
2257,846
2258,898
2259,-182
2260,1620
2261,808
2262,1047
2263,1795
2264,2965
2265,846
2266,1176
2267,-144
2268,2666
2269,-856
2270,1924
2271,920
2272,-426
2273,1182
2274,273
2275,72
2276,1494
2277,2358
2278,2347
2279,1149
2280,1823
2281,2638
2282,-958
2283,2548
2284,595
2285,755
2286,2919
2287,2403
2288,-649
2289,1342
2290,1329
2291,187
2292,1070
2293,2089
2294,1435
2295,2097
2296,862
2297,2206
2298,1374
2299,1486
2300,1380
2301,980
2302,-184
2303,-395
2304,2318
2305,1046
2306,2696
2307,-18
2308,2925
2309,974
2310,725
2311,-798
2312,-30
2313,2907
2314,-407
2315,-4
2316,2359
2317,1361
2318,-171
2319,1418
2320,2048
2321,-46
2322,817
2323,421
2324,-735
2325,2344
2326,2695
2327,-799
2328,1771
2329,101
2330,2873
2331,246
2332,-343
2333,290
2334,813
2335,9
2336,-872
2337,1440
2338,827
2339,1337
2340,370
2341,2810
2342,129
2343,2834
2344,1408
2345,-643
2346,1002
2347,426
2348,1067
2349,2627
2350,-836
2351,2928
2352,631
2353,-689
2354,2136
2355,2173
2356,551
2357,2302
2358,378
2359,1693
2360,704
2361,-960
2362,645
2363,2869
2364,1698
2365,629
2366,956
2367,886
2368,1157
2369,694
2370,2402
2371,1563
2372,2501
2373,1483
2374,-443
2375,2482
2376,477
2377,1673
2378,1897
2379,1047
2380,2819
2381,1110
2382,1716
2383,476
2384,-203
2385,792
2386,1030
2387,-495
2388,2494
2389,-919
2390,2778
2391,1241
2392,1472
2393,25
2394,779
2395,2941
2396,532
2397,2204
2398,1275
2399,2811
2400,300
2401,-777
2402,624
2403,2137
2404,2819
2405,330
2406,2051
2407,-33
2408,1521
2409,2718
2410,2630
2411,641
2412,2954
2413,28
2414,1368
2415,1590
2416,394
2417,-470
2418,2456
2419,-884
2420,-916
2421,-833
2422,-653
2423,1863
2424,761
2425,-358
2426,566
2427,-170
2428,-965
2429,2167
2430,860
2431,992
2432,2603
2433,665
2434,907
2435,502
2436,348
2437,1566
2438,-778
2439,863
2440,-253
2441,-845
2442,-14
2443,2913
2444,-887
2445,1396
2446,576
2447,322
2448,2238
2449,1696
2450,764
2451,-926
2452,-394
2453,-565
2454,1581
2455,247
2456,945
2457,2141
2458,-522
2459,2501
2460,2307
2461,1975
2462,2894
2463,1268
2464,2923
2465,2512
2466,-70
2467,2578
2468,2613
2469,1364
2470,2095
2471,367
2472,1071
2473,2497
2474,-678
2475,2410
2476,1701
2477,2206
2478,1184
2479,616
2480,2526
2481,1427
2482,2610
2483,2389
2484,-144
2485,957
2486,1636
2487,1159
2488,-679
2489,2336
2490,1184
2491,2494
2492,2625
2493,2269
2494,-955
2495,2808
2496,-592
2497,2605
2498,-606
2499,1656
2500,133
2501,-854
2502,1150
2503,2737
2504,2786
2505,-235
2506,1131
2507,2735
2508,1374
2509,-88
2510,655
2511,288
2512,2533
2513,2636
2514,1695
2515,2570
2516,2176
2517,-407
2518,-166
2519,1112
2520,1309
2521,273
2522,-415
2523,1596
2524,843
2525,-89
2526,-583
2527,2565
2528,-308
2529,454
2530,-696
2531,2379
2532,-751
2533,848
2534,2628
2535,2820
2536,-857
2537,1929
2538,938
2539,1112
2540,1357
2541,-801
2542,333
2543,1255
2544,2770
2545,2650
2546,-575
2547,2329
2548,1359
2549,1870
2550,172
2551,1382
2552,1278
2553,613
2554,2999
2555,-523
2556,882
2557,-317
2558,133
2559,-933
2560,735
2561,-219
2562,-620
2563,1898
2564,2926
2565,1018
2566,2942
2567,221
2568,138
2569,1836
2570,-321
2571,475
2572,-667
2573,2982
2574,1707
2575,1279
2576,963
2577,-507
2578,318
2579,-523
2580,2450
2581,2216
2582,-632
2583,287
2584,2887
2585,890
2586,1171
2587,2318
2588,2279
2589,2232
2590,2056
2591,7
2592,1665
2593,-916
2594,1507
2595,1233
2596,1279
2597,1104
2598,248
2599,1210
2600,2409
2601,2524
2602,-499
2603,2721
2604,2246
2605,385
2606,2185
2607,2726
2608,1380
2609,2200
2610,1549
2611,1874
2612,-840
2613,1662
2614,1058
2615,1726
2616,-298
2617,445
2618,-269
2619,1934
2620,2082
2621,-647
2622,2163
2623,-795
2624,2880
2625,929
2626,509
2627,1329
2628,822
2629,975
2630,340
2631,2699
2632,173
2633,1910
2634,818
2635,-43
2636,2352
2637,707
2638,1967
2639,-24
2640,-739
2641,2502
2642,-857
2643,1656
2644,100
2645,2049
2646,2913
2647,556
2648,-130
2649,1095
2650,-48
2651,2841
2652,1236
2653,1859
2654,1698
2655,1381
2656,-304
2657,1037
2658,336
2659,2137
2660,804
2661,34
2662,2082
2663,1994
2664,1737
2665,11
2666,2786
2667,1555
2668,2180
2669,-1
2670,705
2671,-895
2672,-421
2673,1411
2674,1121
2675,-692
2676,1552
2677,-208
2678,573
2679,-538
2680,2362
2681,779
2682,2103
2683,1506
2684,-390
2685,1286
2686,2408
2687,2527
2688,1915
2689,2924
2690,2043
2691,2197
2692,366
2693,-945
2694,2904
2695,-312
2696,2542
2697,2961
2698,-377
2699,2026
2700,-694
2701,1332
2702,809
2703,1175
2704,1959
2705,1399
2706,315
2707,651
2708,1033
2709,-141
2710,-87
2711,-45
2712,-479
2713,-870
2714,2849
2715,-503
2716,1332
2717,2142
2718,202
2719,205
2720,-64
2721,826
2722,2521
2723,520
2724,-396
2725,1668
2726,368
2727,-967
2728,-893
2729,2965
2730,-274
2731,1479
2732,1689
2733,2741
2734,-190
2735,-632
2736,2701
2737,977
2738,2526
2739,2746
2740,-706
2741,1334
2742,2767
2743,2247
2744,1093
2745,2481
2746,47
2747,1277
2748,1535
2749,1361
2750,314
2751,2592
2752,2261
2753,1696
2754,2698
2755,1403
2756,2275
2757,2764
2758,2897
2759,529
2760,2883
2761,1673
2762,1428
2763,79
2764,1442
2765,204
2766,-979
2767,433
2768,1024
2769,1487
2770,2128
2771,-235
2772,709
2773,161
2774,888
2775,-157
2776,2386
2777,2754
2778,1214
2779,2808
2780,448
2781,-926
2782,-393
2783,417
2784,738
2785,2716
2786,-466
2787,492
2788,1
2789,2153
2790,-656
2791,-533
2792,821
2793,2633
2794,512
2795,1601
2796,1812
2797,2660
2798,623
2799,1348
2800,2234
2801,2581
2802,64
2803,-576
2804,-82
2805,2206
2806,2996
2807,173
2808,401
2809,154
2810,234
2811,471
2812,2972
2813,2095
2814,-736
2815,1300
2816,485
2817,1589
2818,1202
2819,2406
2820,-444
2821,-451
2822,-386
2823,1459
2824,490
2825,2827
2826,1093
2827,2724
2828,1642
2829,2757
2830,-997
2831,1515
2832,2151
2833,2764
2834,2601
2835,-877
2836,88
2837,2951
2838,2167
2839,-673
2840,111
2841,198
2842,1778
2843,1793
2844,-139
2845,515
2846,638
2847,2510
2848,891
2849,1440
2850,-670
2851,2987
2852,2714
2853,-426
2854,2954
2855,2191
2856,69
2857,2090
2858,366
2859,1356
2860,2244
2861,1489
2862,2569
2863,1144
2864,759
2865,1020
2866,1327
2867,44
2868,1329
2869,2459
2870,484
2871,1243
2872,607
2873,-189
2874,2035
2875,-426
2876,1384
2877,-285
2878,-969
2879,552
2880,-194
2881,668
2882,27
2883,2034
2884,-749
2885,-154
2886,-948
2887,528
2888,147
2889,427
2890,48
2891,27
2892,-156
2893,970
2894,937
2895,2142
2896,2081
2897,133
2898,563
2899,1317
2900,1935
2901,1982
2902,231
2903,615
2904,1445
2905,2140
2906,-701
2907,132
2908,1974
2909,-535
2910,2973
2911,2832
2912,1188
2913,1216
2914,2797
2915,448
2916,-617
2917,2657
2918,1206
2919,1618
2920,138
2921,1947
2922,339
2923,2108
2924,1295
2925,-340
2926,1662
2927,-835
2928,2103
2929,-650
2930,-92
2931,-100
2932,-909
2933,1564
2934,467
2935,1324
2936,-751
2937,-572
2938,1052
2939,525
2940,2071
2941,2174
2942,654
2943,-221
2944,1859
2945,1312
2946,-878
2947,2843
2948,-714
2949,1342
2950,735
2951,501
2952,1769
2953,828
2954,1130
2955,2081
2956,2794
2957,408
2958,567
2959,215
2960,-647
2961,-703
2962,-986
2963,1868
2964,17
2965,897
2966,733
2967,676
2968,-553
2969,2146
2970,1076
2971,-490
2972,2488
2973,1245
2974,1429
2975,1212
2976,1412
2977,1908
2978,-903
2979,2167
2980,2185
2981,554
2982,1947
2983,1293
2984,2280
2985,1415
2986,2093
2987,-63
2988,-396
2989,-421
2990,2944
2991,-531
2992,2206
2993,2133
2994,-405
2995,2897
2996,-870
2997,2200
2998,872
2999,-909
3000,2344
3001,2684
3002,2793
3003,1515
3004,-482
3005,2697
3006,1824
3007,823
3008,-679
3009,867
3010,299
3011,825
3012,-84
3013,-785
3014,2811
3015,-537
3016,-971
3017,-165
3018,-442
3019,-315
3020,-824
3021,1205
3022,-826
3023,336
3024,-618
3025,944
3026,481
3027,2241
3028,1232
3029,2157
3030,-941
3031,-2
3032,290
3033,1102
3034,519
3035,2147
3036,2761
3037,1570
3038,393
3039,2834
3040,-329
3041,922
3042,-740
3043,-923
3044,1549
3045,198
3046,972
3047,1285
3048,2928
3049,1329
3050,1363
3051,2718
3052,2899
3053,-583
3054,2965
3055,2859
3056,821
3057,-151
3058,-960
3059,1411
3060,-871
3061,2942
3062,2852
3063,1047
3064,554
3065,2856
3066,1109
3067,1876
3068,2722
3069,780
3070,2137
3071,148
3072,1332
3073,810
3074,2504
3075,1371
3076,-5
3077,1967
3078,1601
3079,1092
3080,1096
3081,817
3082,1149
3083,432
3084,1480
3085,1415
3086,348
3087,-935
3088,1695
3089,-213
3090,2483
3091,1230
3092,-303
3093,33
3094,691
3095,-533
3096,1952
3097,2853
3098,2902
3099,-536
3100,-692
3101,-563
3102,2982
3103,-948
3104,1953
3105,-346
3106,2767
3107,2547
3108,2995
3109,1322
3110,1237
3111,2952
3112,-823
3113,-579
3114,-529
3115,494
3116,2104
3117,2810
3118,-520
3119,-993
3120,-957
3121,53
3122,-361
3123,327
3124,1634
3125,1802
3126,-245
3127,816
3128,274
3129,2000
3130,635
3131,-449
3132,-746
3133,960
3134,1067
3135,2211
3136,650
3137,-424
3138,2045
3139,886
3140,1526
3141,1507
3142,2104
3143,-405
3144,1657
3145,588
3146,-427
3147,2774
3148,-482
3149,-618
3150,1259
3151,1225
3152,1202
3153,2614
3154,792
3155,-409
3156,-478
3157,301
3158,2396
3159,-615
3160,516
3161,2118
3162,1538
3163,2466
3164,1770
3165,-437
3166,-46
3167,886
3168,192
3169,-961
3170,1165
3171,1007
3172,-751
3173,2821
3174,44
3175,56
3176,710
3177,1401
3178,-780
3179,-5
3180,336
3181,1694
3182,88
3183,1802
3184,1826
3185,653
3186,1692
3187,36
3188,2172
3189,-1
3190,1180
3191,-647
3192,2583
3193,339
3194,2154
3195,2975
3196,292
3197,672
3198,519
3199,2980
3200,-636
3201,1070
3202,-361
3203,813
3204,-379
3205,963
3206,2651
3207,2046
3208,1207
3209,88
3210,869
3211,-914
3212,2037
3213,600
3214,1729
3215,1678
3216,162
3217,2509
3218,887
3219,2225
3220,2689
3221,-94
3222,-791
3223,-796
3224,165
3225,1221
3226,2533
3227,809
3228,1052
3229,-223
3230,2646
3231,2301
3232,2237
3233,1829
3234,-712
3235,176
3236,-147
3237,-59
3238,-768
3239,22
3240,-101
3241,1385
3242,-395
3243,1314
3244,2871
3245,1918
3246,-954
3247,2129
3248,1551
3249,-143
3250,639
3251,287
3252,1552
3253,1424
3254,738
3255,2217
3256,2793
3257,-728
3258,-156
3259,-519
3260,-987
3261,2478
3262,639
3263,2520
3264,-18
3265,-123
3266,2137
3267,964
3268,2969
3269,264
3270,626
3271,2067
3272,1939
3273,449
3274,695
3275,516
3276,2312
3277,1563
3278,2508
3279,1444
3280,223
3281,1062
3282,711
3283,2551
3284,-494
3285,2879
3286,607
3287,473
3288,1521
3289,-475
3290,1176
3291,1396
3292,-245
3293,2781
3294,2431
3295,2800
3296,224
3297,2158
3298,2568
3299,2179
3300,2816
3301,109
3302,1058
3303,2950
3304,-973
3305,2475
3306,1369
3307,-887
3308,1871
3309,924
3310,1212
3311,-713
3312,1841
3313,1760
3314,923
3315,1187
3316,1162
3317,-936
3318,1089
3319,-616
3320,877
3321,2360
3322,-798
3323,967
3324,742
3325,2932
3326,1994
3327,1860
3328,1156
3329,-609
3330,-778
3331,2229
3332,614
3333,2380
3334,1683
3335,2477
3336,2591
3337,2432
3338,-667
3339,1051
3340,2260
3341,570
3342,2754
3343,-370
3344,2442
3345,1592
3346,1476
3347,1641
3348,177
3349,1818
3350,587
3351,-126
3352,-53
3353,1576
3354,1071
3355,321
3356,1365
3357,-888
3358,-194
3359,1459
3360,2287
3361,2650
3362,1709
3363,2901
3364,431
3365,1804
3366,2268
3367,-119
3368,-499
3369,-396
3370,-48
3371,-708
3372,2590
3373,-916
3374,33
3375,1552
3376,1618
3377,-99
3378,2364
3379,936
3380,983
3381,785
3382,839
3383,1071
3384,-906
3385,-605
3386,-739
3387,1923
3388,1329
3389,609
3390,2459
3391,-762
3392,1047
3393,914
3394,223
3395,2114
3396,1446
3397,1365
3398,-481
3399,29
3400,2109
3401,2584
3402,784
3403,-840
3404,2962
3405,-734
3406,293
3407,899
3408,-629
3409,-702
3410,903
3411,2676
3412,-184
3413,-884
3414,2754
3415,2330
3416,-136
3417,2596
3418,2334
3419,2765
3420,2105
3421,-162
3422,534
3423,775
3424,1351
3425,780
3426,2175
3427,2187
3428,1958
3429,1511
3430,1852
3431,590
3432,2736
3433,357
3434,734
3435,1856
3436,1065
3437,-827
3438,1835
3439,1137
3440,2767
3441,-238
3442,-6
3443,1506
3444,-267
3445,1974
3446,-928
3447,1390
3448,689
3449,-55
3450,1031
3451,1515
3452,840
3453,269
3454,2264
3455,-452
3456,-826
3457,2562
3458,-649
3459,404
3460,541
3461,71
3462,-104
3463,1263
3464,593
3465,-559
3466,2515
3467,-960
3468,-351
3469,-997
3470,-430
3471,-633
3472,574
3473,-516
3474,-225
3475,412
3476,-691
3477,1813
3478,-831
3479,-165
3480,-950
3481,1198
3482,910
3483,405
3484,570
3485,2078
3486,-359
3487,2022
3488,2011
3489,908
3490,-594
3491,99
3492,432
3493,173
3494,2805
3495,-374
3496,303
3497,1505
3498,518
3499,1681
3500,217
3501,2975
3502,2104
3503,1995
3504,959
3505,1178
3506,38
3507,2946
3508,2464
3509,336
3510,2721
3511,2795
3512,-808
3513,2923
3514,-86
3515,1191
3516,2146
3517,2466
3518,1500
3519,1009
3520,126
3521,2782
3522,1824
3523,799
3524,2982
3525,2289
3526,2936
3527,-708
3528,-484
3529,-924
3530,-939
3531,1195
3532,2413
3533,68
3534,264
3535,2068
3536,-645
3537,2285
3538,1611
3539,1196
3540,513
3541,477
3542,773
3543,1529
3544,68
3545,2133
3546,2461
3547,1693
3548,2503
3549,1398
3550,2200
3551,1954
3552,238
3553,1692
3554,-714
3555,1294
3556,249
3557,326
3558,-942
3559,159
3560,753
3561,73
3562,20
3563,-712
3564,1645
3565,911
3566,1577
3567,2616
3568,-618
3569,2906
3570,1870
3571,1059
3572,1999
3573,1402
3574,1255
3575,2121
3576,-242
3577,-137
3578,2797
3579,809
3580,-881
3581,1813
3582,2344
3583,-121
3584,-707
3585,1068
3586,1495
3587,-158
3588,2120
3589,-286
3590,2014
3591,-999
3592,-762
3593,-183
3594,1771
3595,1520
3596,622
3597,-529
3598,1797
3599,1356
3600,2589
3601,-450
3602,679
3603,1427
3604,2807
3605,2411
3606,1819
3607,2212
3608,135
3609,1764
3610,156
3611,-637
3612,-56
3613,835
3614,2284
3615,41
3616,1682
3617,2911
3618,1009
3619,361
3620,2115
3621,-248
3622,2985
3623,2282
3624,-446
3625,946
3626,1602
3627,1966
3628,1828
3629,1867
3630,1372
3631,2793
3632,1225
3633,-231
3634,1111
3635,1439
3636,1357
3637,2901
3638,1202
3639,2490
3640,1624
3641,75
3642,2882
3643,1770
3644,-951
3645,2674
3646,1266
3647,512
3648,2957
3649,2776
3650,1359
3651,1752
3652,1518
3653,-847
3654,-310
3655,803
3656,1227
3657,-168
3658,898
3659,2004
3660,2407
3661,184
3662,894
3663,45
3664,1005
3665,-590
3666,1934
3667,2064
3668,1262
3669,296
3670,-81
3671,1164
3672,2231
3673,162
3674,-753
3675,860
3676,870
3677,-645
3678,-150
3679,1869
3680,-611
3681,2688
3682,1364
3683,-709
3684,351
3685,-456
3686,213
3687,-626
3688,2254
3689,615
3690,487
3691,215
3692,2005
3693,2882
3694,-691
3695,-143
3696,2334
3697,2694
3698,1731
3699,47
3700,1795
3701,45
3702,1792
3703,1339
3704,-898
3705,1505
3706,-635
3707,-699
3708,1006
3709,2342
3710,2912
3711,639
3712,552
3713,2900
3714,1239
3715,1934
3716,2400
3717,500
3718,-947
3719,70
3720,-705
3721,2532
3722,296
3723,1813
3724,1733
3725,2081
3726,162
3727,1301
3728,2407
3729,1170
3730,2097
3731,-323
3732,890
3733,-731
3734,1949
3735,-701
3736,2118
3737,786
3738,309
3739,2851
3740,275
3741,1067
3742,496
3743,1482
3744,2819
3745,1726
3746,1964
3747,1722
3748,2933
3749,2291
3750,73
3751,1907
3752,-425
3753,815
3754,233
3755,-656
3756,1041
3757,-830
3758,-730
3759,2912
3760,768
3761,1854
3762,805
3763,1754
3764,1183
3765,1770
3766,395
3767,667
3768,2500
3769,-423
3770,2380
3771,777
3772,959
3773,1295
3774,958
3775,2064
3776,864
3777,797
3778,1803
3779,-421
3780,1993
3781,-250
3782,1098
3783,-380
3784,2827
3785,191
3786,2652
3787,2332
3788,2187
3789,84
3790,1455
3791,-881
3792,-54
3793,1576
3794,1048
3795,-680
3796,2221
3797,-747
3798,2608
3799,1674
3800,1011
3801,2988
3802,1074
3803,-662
3804,478
3805,571
3806,1807
3807,2651
3808,2335
3809,2029
3810,928
3811,1325
3812,1066
3813,-803
3814,-571
3815,1131
3816,2829
3817,1136
3818,1545
3819,1088
3820,1252
3821,1960
3822,1511
3823,-924
3824,2836
3825,2810
3826,159
3827,652
3828,2785
3829,2870
3830,-474
3831,1603
3832,2077
3833,926
3834,789
3835,-759
3836,-594
3837,1313
3838,2661
3839,-57
3840,1472
3841,2791
3842,1181
3843,1212
3844,1422
3845,2895
3846,-463
3847,-465
3848,1126
3849,405
3850,221
3851,2210
3852,869
3853,623
3854,2041
3855,1539
3856,377
3857,848
3858,223
3859,2158
3860,-740
3861,476
3862,2540
3863,2825
3864,2425
3865,2238
3866,2762
3867,659
3868,-424
3869,-121
3870,-531
3871,752
3872,-331
3873,-999
3874,250
3875,1927
3876,1789
3877,1119
3878,1010
3879,-791
3880,-904
3881,2226
3882,1085
3883,751
3884,2466
3885,-815
3886,392
3887,-41
3888,443
3889,-195
3890,267
3891,1391
3892,2612
3893,2456
3894,346
3895,2413
3896,887
3897,-599
3898,2172
3899,1107
3900,1392
3901,-935
3902,1058
3903,2761
3904,34
3905,1903
3906,1887
3907,804
3908,203
3909,226
3910,2108
3911,1673
3912,-197
3913,582
3914,800
3915,445
3916,2666
3917,-673
3918,1960
3919,1217
3920,-701
3921,697
3922,-709
3923,319
3924,-195
3925,-518
3926,2020
3927,-134
3928,2094
3929,480
3930,21
3931,1369
3932,758
3933,-506
3934,2422
3935,2909
3936,-11
3937,-763
3938,1223
3939,1693
3940,1461
3941,2981
3942,2443
3943,-452
3944,1499
3945,2683
3946,1452
3947,1826
3948,986
3949,240
3950,-858
3951,1636
3952,642
3953,1489
3954,796
3955,225
3956,1009
3957,2518
3958,2458
3959,1977
3960,2753
3961,2789
3962,-834
3963,2053
3964,-603
3965,-218
3966,1073
3967,1084
3968,865
3969,-831
3970,417
3971,-163
3972,2450
3973,2833
3974,-849
3975,-172
3976,302
3977,2650
3978,-789
3979,733
3980,1471
3981,2017
3982,-770
3983,2239
3984,-892
3985,1357
3986,173
3987,-389
3988,1877
3989,-398
3990,-155
3991,987
3992,1505
3993,475
3994,2498
3995,-708
3996,197
3997,2491
3998,1532
3999,1042
4000,53
4001,1262
4002,-220
4003,-446
4004,2361
4005,-345
4006,-82
4007,559
4008,-564
4009,-43
4010,1910
4011,2453
4012,2644
4013,2093
4014,-432
4015,2670
4016,892
4017,251
4018,2882
4019,1347
4020,1721
4021,-662
4022,387
4023,1660
4024,-618
4025,531
4026,2989
4027,1189
4028,294
4029,2947
4030,1659
4031,26
4032,664
4033,-761
4034,290
4035,-247
4036,516
4037,-618
4038,878
4039,2040
4040,-825
4041,603
4042,-152
4043,1782
4044,214
4045,-139
4046,853
4047,983
4048,2471
4049,-80
4050,81
4051,558
4052,2096
4053,2754
4054,2523
4055,2372
4056,2016
4057,964
4058,1861
4059,-218
4060,-312
4061,-251
4062,653
4063,-840
4064,2180
4065,2306
4066,1765
4067,1576
4068,83
4069,1833
4070,-281
4071,911
4072,927
4073,-557
4074,1660
4075,2175
4076,1102
4077,1490
4078,-707
4079,-14
4080,619
4081,1227
4082,995
4083,117
4084,299
4085,1266
4086,-659
4087,2374
4088,-251
4089,-464
4090,-969
4091,418
4092,2541
4093,-532
4094,2919
4095,-150
4096,1769
4097,2421
4098,1807
4099,1056
4100,2672
4101,-653
4102,719
4103,-614
4104,-176
4105,2013
4106,2848
4107,-816
4108,2087
4109,805
4110,254
4111,942
4112,1727
4113,852
4114,142
4115,1030
4116,1608
4117,2461
4118,-929
4119,566
4120,1743
4121,1072
4122,298
4123,2047
4124,934
4125,906
4126,1067
4127,2201
4128,799
4129,2874
4130,479
4131,-854
4132,2327
4133,89
4134,190
4135,-510
4136,1992
4137,1384
4138,-149
4139,606
4140,-890
4141,1965
4142,1075
4143,650
4144,1220
4145,-64
4146,611
4147,2079
4148,-241
4149,2870
4150,-226
4151,1689
4152,1272
4153,-22
4154,1097
4155,1200
4156,1603
4157,-990
4158,724
4159,-383
4160,-298
4161,2555
4162,-673
4163,1250
4164,1003
4165,1319
4166,1255
4167,-31
4168,1724
4169,2697
4170,1233
4171,1106
4172,16
4173,-929
4174,-512
4175,-115
4176,2482
4177,-249
4178,1868
4179,396
4180,1666
4181,939
4182,1148
4183,1300
4184,2899
4185,-761
4186,2045
4187,2308
4188,173
4189,-934
4190,-270
4191,1606
4192,606
4193,830
4194,2685
4195,1251
4196,-8
4197,-477
4198,-462
4199,-708
4200,-465
4201,419
4202,710
4203,-897
4204,1065
4205,1512
4206,840
4207,1100
4208,1390
4209,-524
4210,-969
4211,-674
4212,-979
4213,2459
4214,1676
4215,410
4216,655
4217,2140
4218,1776
4219,2413
4220,455
4221,2988
4222,2276
4223,171
4224,2832
4225,2261
4226,-709
4227,2658
4228,-681
4229,2728
4230,-511
4231,1874
4232,794
4233,-293
4234,839
4235,792
4236,1107
4237,1345
4238,1879
4239,1770
4240,2686
4241,1920
4242,2282
4243,1819
4244,2105
4245,340
4246,1934
4247,2419
4248,2975
4249,1137
4250,-445
4251,2884
4252,-753
4253,2903
4254,2669
4255,28
4256,1380
4257,-774
4258,2609
4259,131
4260,2305
4261,123
4262,-478
4263,1392
4264,525
4265,1239
4266,2469
4267,2020
4268,477
4269,2293
4270,2288
4271,-663
4272,467
4273,387
4274,-842
4275,-402
4276,2046
4277,597
4278,1202
4279,548
4280,1687
4281,2137
4282,-417
4283,1917
4284,2863
4285,-897
4286,1781
4287,1682
4288,-139
4289,1375
4290,-289
4291,2857
4292,1148
4293,2575
4294,2315
4295,2851
4296,1046
4297,2591
4298,-515
4299,1060
4300,-653
4301,194
4302,386
4303,2949
4304,-472
4305,135
4306,2981
4307,413
4308,1679
4309,-881
4310,-334
4311,783
4312,-596
4313,1144
4314,1357
4315,1787
4316,2128
4317,-2
4318,2873
4319,-151
4320,-251
4321,2691
4322,-310
4323,253
4324,2942
4325,2176
4326,1539
4327,2726
4328,380
4329,408
4330,2307
4331,-751
4332,-457
4333,-447
4334,621
4335,-832
4336,482
4337,-811
4338,-17
4339,709
4340,-696
4341,-783
4342,1328
4343,522
4344,2224
4345,2990
4346,2477
4347,851
4348,1445
4349,413
4350,-276
4351,138
4352,515
4353,-607
4354,363
4355,98
4356,2789
4357,347
4358,-414
4359,2271
4360,1336
4361,1249
4362,-180
4363,1288
4364,27
4365,-285
4366,-886
4367,805
4368,-968
4369,2055
4370,1187
4371,1274
4372,2950
4373,617
4374,693
4375,1356
4376,307
4377,2403
4378,1915
4379,898
4380,112
4381,2386
4382,1865
4383,2426
4384,1835
4385,2802
4386,978
4387,2877
4388,102
4389,2563
4390,977
4391,-785
4392,-962
4393,-387
4394,-597
4395,-619
4396,324
4397,-225
4398,-737
4399,-435
4400,2782
4401,1351
4402,2056
4403,2050
4404,1907
4405,945
4406,666
4407,2871
4408,-512
4409,491
4410,-458
4411,425
4412,292
4413,2595
4414,764
4415,2128
4416,164
4417,362
4418,1611
4419,1140
4420,38
4421,-167
4422,1990
4423,643
4424,232
4425,-498
4426,-654
4427,295
4428,1538
4429,304
4430,579
4431,-184
4432,8
4433,2602
4434,589
4435,2071
4436,-535
4437,2075
4438,568
4439,474
4440,2509
4441,1786
4442,2314
4443,2501
4444,-354
4445,454
4446,203
4447,-841
4448,472
4449,1192
4450,2760
4451,-943
4452,1552
4453,1061
4454,635
4455,2558
4456,1973
4457,45
4458,2476
4459,2511
4460,304
4461,-973
4462,2784
4463,2859
4464,1630
4465,2919
4466,-318
4467,1074
4468,1473
4469,2279
4470,2053
4471,697
4472,1326
4473,2817
4474,1994
4475,-916
4476,1228
4477,2967
4478,2523
4479,1197
4480,-766
4481,2825
4482,2824
4483,976
4484,-93
4485,669
4486,-926
4487,-872
4488,2229
4489,1671
4490,1944
4491,1983
4492,1122
4493,-558
4494,-979
4495,2513
4496,481
4497,346
4498,605
4499,-440
4500,1251
4501,1576
4502,-218
4503,-153
4504,2914
4505,2178
4506,79
4507,2499
4508,389
4509,821
4510,1127
4511,2957
4512,2092
4513,1583
4514,1740
4515,2365
4516,2633
4517,-98
4518,-112
4519,-247
4520,-924
4521,552
4522,1341
4523,1727
4524,2058
4525,511
4526,1049
4527,-916
4528,1160
4529,2535
4530,202
4531,2096
4532,1270
4533,2328
4534,427
4535,1025
4536,-904
4537,2469
4538,504
4539,-357
4540,-748
4541,1275
4542,404
4543,-222
4544,2002
4545,151
4546,1621
4547,-983
4548,1262
4549,2931
4550,-732
4551,1216
4552,217
4553,2951
4554,979
4555,-956
4556,2672
4557,285
4558,-197
4559,-571
4560,-945
4561,1733
4562,2209
4563,1409
4564,-485
4565,-455
4566,379
4567,2019
4568,2095
4569,2069
4570,770
4571,-164
4572,522
4573,2895
4574,-445
4575,1802
4576,-618
4577,1687
4578,2824
4579,-854
4580,400
4581,-430
4582,2011
4583,812
4584,1665
4585,2351
4586,-387
4587,22
4588,2025
4589,1183
4590,518
4591,1301
4592,1320
4593,914
4594,1872
4595,2356
4596,2934
4597,287
4598,1154
4599,255
4600,2217
4601,2788
4602,2835
4603,-281
4604,604
4605,1090
4606,-387
4607,1543
4608,2902
4609,1570
4610,1241
4611,-192
4612,2260
4613,-421
4614,2020
4615,1006
4616,-281
4617,2633
4618,0
4619,1168
4620,44
4621,358
4622,1324
4623,597
4624,-704
4625,2889
4626,1037
4627,2940
4628,-354
4629,-535
4630,-142
4631,2210
4632,219
4633,1877
4634,1941
4635,1166
4636,1619
4637,931
4638,2664
4639,1003
4640,2373
4641,2319
4642,-8
4643,571
4644,1430
4645,1385
4646,-931
4647,1987
4648,190
4649,2389
4650,-549
4651,2099
4652,-794
4653,-432
4654,156
4655,1867
4656,918
4657,-198
4658,67
4659,2018
4660,-276
4661,37
4662,-822
4663,-605
4664,2956
4665,2797
4666,-103
4667,1509
4668,2387
4669,-661
4670,578
4671,-730
4672,1784
4673,849
4674,773
4675,2001
4676,2994
4677,-719
4678,2862
4679,913
4680,2081
4681,-72
4682,1444
4683,504
4684,1378
4685,983
4686,603
4687,2613
4688,933
4689,-959
4690,2929
4691,1745
4692,1263
4693,-709
4694,1358
4695,-65
4696,-128
4697,140
4698,-678
4699,2931
4700,2827
4701,-138
4702,2764
4703,1459
4704,1512
4705,-516
4706,695
4707,829
4708,-566
4709,829
4710,2751
4711,-635
4712,1740
4713,-700
4714,2059
4715,2149
4716,-765
4717,-93
4718,415
4719,168
4720,1292
4721,-674
4722,1555
4723,309
4724,164
4725,416
4726,1681
4727,2206
4728,-566
4729,1439
4730,-452
4731,1509
4732,2205
4733,1014
4734,2771
4735,2841
4736,652
4737,-934
4738,502
4739,2616
4740,599
4741,-241
4742,2366
4743,1174
4744,2781
4745,597
4746,-875
4747,2798
4748,1133
4749,550
4750,2933
4751,2786
4752,2867
4753,-209
4754,-246
4755,-504
4756,908
4757,2317
4758,156
4759,214
4760,2897
4761,2519
4762,2630
4763,-824
4764,2842
4765,1594
4766,2208
4767,-74
4768,-767
4769,-492
4770,-370
4771,902
4772,368
4773,168
4774,2346
4775,-683
4776,959
4777,2951
4778,1946
4779,-374
4780,1763
4781,923
4782,1056
4783,2630
4784,2866
4785,-309
4786,600
4787,-117
4788,1422
4789,-625
4790,2735
4791,-575
4792,2788
4793,976
4794,-222
4795,638
4796,633
4797,1023
4798,-542
4799,2197
4800,1447
4801,-910
4802,601
4803,743
4804,2536
4805,469
4806,-138
4807,596
4808,140
4809,659
4810,2695
4811,165
4812,2180
4813,849
4814,2327
4815,-370
4816,1362
4817,1549
4818,-884
4819,-646
4820,890
4821,1145
4822,-129
4823,2550
4824,2826
4825,-717
4826,-582
4827,2528
4828,1417
4829,605
4830,2701
4831,936
4832,1178
4833,2402
4834,1660
4835,267
4836,2088
4837,376
4838,1194
4839,2457
4840,1211
4841,2279
4842,2410
4843,-795
4844,1640
4845,-624
4846,247
4847,2098
4848,-960
4849,-512
4850,1869
4851,842
4852,1447
4853,-30
4854,582
4855,1825
4856,1909
4857,705
4858,745
4859,-286
4860,-16
4861,517
4862,2200
4863,307
4864,1996
4865,1918
4866,-31
4867,-890
4868,2538
4869,827
4870,2180
4871,1480
4872,1606
4873,2577
4874,2250
4875,-560
4876,2651
4877,-80
4878,-494
4879,-661
4880,-228
4881,-546
4882,1248
4883,-325
4884,1577
4885,205
4886,1008
4887,-196
4888,2163
4889,-859
4890,-403
4891,-833
4892,748
4893,2171
4894,-255
4895,1300
4896,277
4897,1858
4898,2010
4899,397
4900,460
4901,671
4902,1525
4903,241
4904,2114
4905,2354
4906,2069
4907,2744
4908,2645
4909,-368
4910,1687
4911,2255
4912,2309
4913,-173
4914,2251
4915,2943
4916,-316
4917,357
4918,371
4919,-274
4920,-572
4921,40
4922,2459
4923,951
4924,-708
4925,2874
4926,-776
4927,183
4928,212
4929,774
4930,1018
4931,94
4932,1721
4933,2453
4934,1489
4935,284
4936,553
4937,470
4938,1981
4939,-876
4940,-442
4941,-497
4942,1005
4943,1541
4944,-90
4945,-506
4946,2971
4947,-476
4948,-511
4949,-106
4950,2187
4951,1750
4952,-648
4953,1182
4954,1691
4955,947
4956,1318
4957,657
4958,2295
4959,1053
4960,2489
4961,-473
4962,2947
4963,2504
4964,2353
4965,2346
4966,155
4967,1889
4968,2026
4969,1935
4970,367
4971,1407
4972,2136
4973,2423
4974,2721
4975,2132
4976,2335
4977,924
4978,-283
4979,2835
4980,2548
4981,-174
4982,885
4983,-960
4984,-386
4985,2046
4986,1508
4987,480
4988,2703
4989,302
4990,606
4991,2035
4992,932
4993,2771
4994,1691
4995,-210
4996,744
4997,-858
4998,22
4999,-690
5000,-907
5001,2089
5002,2360
5003,566
5004,1560
5005,1623
5006,534
5007,2314
5008,-381
5009,2643
5010,1327
5011,360
5012,-822
5013,1147
5014,210
5015,2711
5016,2909
5017,-929
5018,305
5019,1877
5020,-651
5021,1315
5022,1662
5023,1452
5024,678
5025,2946
5026,1223
5027,1843
5028,-280
5029,-570
5030,2800
5031,943
5032,-364
5033,1890
5034,-977
5035,1306
5036,2829
5037,1456
5038,364
5039,2721
5040,1274
5041,-374
5042,1764
5043,1072
5044,1240
5045,1025
5046,410
5047,1506
5048,395
5049,2909
5050,1385
5051,-986
5052,1178
5053,1653
5054,-185
5055,-804
5056,5
5057,2480
5058,615
5059,1319
5060,2642
5061,-178
5062,835
5063,1975
5064,1564
5065,2899
5066,2378
5067,826
5068,432
5069,2503
5070,-273
5071,893
5072,-895
5073,472
5074,1509
5075,1339
5076,1974
5077,443
5078,-545
5079,317
5080,158
5081,1997
5082,-760
5083,1978
5084,611
5085,438
5086,2042
5087,1532
5088,803
5089,399
5090,116
5091,2557
5092,-702
5093,2401
5094,2886
5095,2501
5096,2847
5097,917
5098,1427
5099,2395
5100,332
5101,2934
5102,1716
5103,-296
5104,-138
5105,2888
5106,50
5107,-763
5108,1659
5109,2938
5110,1776
5111,1796
5112,2161
5113,1275
5114,247
5115,1919
5116,529
5117,1874
5118,-306
5119,1762
5120,2477
5121,-436
5122,2204
5123,887
5124,1835
5125,2498
5126,1149
5127,-453
5128,844
5129,694
5130,2668
5131,315
5132,1063
5133,824
5134,-802
5135,2937
5136,1873
5137,117
5138,-888
5139,1081
5140,2258
5141,2523
5142,-766
5143,1777
5144,1732
5145,889
5146,226
5147,2716
5148,662
5149,2683
5150,-542
5151,-3
5152,1159
5153,2079
5154,-830
5155,2987
5156,25
5157,7
5158,1478
5159,859
5160,-503
5161,2780
5162,2680
5163,1229
5164,2768
5165,1837
5166,1169
5167,2707
5168,367
5169,2206
5170,1624
5171,2668
5172,2901
5173,-389
5174,-910
5175,-535
5176,1308
5177,1296
5178,2421
5179,1342
5180,2178
5181,2124
5182,2395
5183,151
5184,916
5185,-738
5186,2778
5187,635
5188,-97
5189,531
5190,2341
5191,2000
5192,1599
5193,-257
5194,1459
5195,173
5196,-518
5197,-966
5198,-374
5199,1875
5200,47
5201,1073
5202,-166
5203,2597
5204,2340
5205,669
5206,2906
5207,-461
5208,1651
5209,-661
5210,2891
5211,804
5212,1874
5213,1009
5214,2039
5215,-168
5216,1239
5217,1472
5218,1280
5219,-468
5220,1900
5221,1485
5222,947
5223,-407
5224,-199
5225,-506
5226,466
5227,2720
5228,885
5229,2758
5230,1128
5231,2535
5232,1740
5233,1925
5234,2677
5235,2693
5236,2986
5237,-864
5238,1090
5239,1434
5240,713
5241,1880
5242,1520
5243,2268
5244,-591
5245,736
5246,881
5247,1062
5248,451
5249,958
5250,-396
5251,2946
5252,2100
5253,2154
5254,658
5255,-570
5256,1800
5257,1337
5258,1225
5259,353
5260,1952
5261,-544
5262,-74
5263,2542
5264,1871
5265,-909
5266,-676
5267,786
5268,781
5269,913
5270,119
5271,2486
5272,1430
5273,1913
5274,1882
5275,1149
5276,-550
5277,948
5278,2878
5279,-138
5280,-73
5281,2882
5282,2238
5283,1682
5284,486
5285,2799
5286,2562
5287,-155
5288,2278
5289,226
5290,849
5291,2208
5292,468
5293,-421
5294,1986
5295,2400
5296,654
5297,2372
5298,468
5299,-970
5300,2737
5301,1356
5302,2442
5303,2119
5304,2669
5305,-669
5306,-14
5307,2082
5308,1918
5309,2602
5310,2380
5311,1562
5312,-181
5313,2409
5314,1627
5315,-511
5316,1165
5317,-873
5318,1947
5319,1355
5320,2869
5321,503
5322,732
5323,2652
5324,-415
5325,-105
5326,942
5327,-663
5328,1795
5329,2561
5330,458
5331,1638
5332,2343
5333,1087
5334,-206
5335,676
5336,-348
5337,1273
5338,1948
5339,-809
5340,533
5341,-218
5342,2598
5343,-311
5344,979
5345,1056
5346,870
5347,2926
5348,1859
5349,-224
5350,-264
5351,1157
5352,2260
5353,1378
5354,-823
5355,180
5356,-957
5357,-441
5358,2741
5359,1391
5360,806
5361,1218
5362,-218
5363,890
5364,54
5365,793
5366,1583
5367,522
5368,1031
5369,-187
5370,840
5371,-539
5372,2024
5373,-153
5374,-92
5375,1188
5376,539
5377,1362
5378,-122
5379,1060
5380,-957
5381,-150
5382,-426
5383,-784
5384,926
5385,1184
5386,603
5387,-480
5388,1304
5389,1920
5390,-133
5391,237
5392,-216
5393,569
5394,-331
5395,1660
5396,1056
5397,-562
5398,-843
5399,177
5400,2955
5401,87
5402,1110
5403,2756
5404,1145
5405,1164
5406,-291
5407,325
5408,-218
5409,2840
5410,-616
5411,1380
5412,1813
5413,-363
5414,2875
5415,2614
5416,2386
5417,-112
5418,2837
5419,-185
5420,-205
5421,2963
5422,405
5423,1138
5424,919
5425,-383
5426,253
5427,372
5428,2133
5429,-247
5430,-232
5431,531
5432,1635
5433,2589
5434,395
5435,956
5436,-776
5437,2495
5438,2047
5439,2059
5440,-123
5441,108
5442,889
5443,134
5444,-98
5445,556
5446,1560
5447,19
5448,2648
5449,689
5450,2321
5451,688
5452,2714
5453,2296
5454,-76
5455,346
5456,1639
5457,1117
5458,2378
5459,79
5460,-561
5461,980
5462,570
5463,2043
5464,844
5465,-295
5466,968
5467,1307
5468,2169
5469,-966
5470,507
5471,2683
5472,2148
5473,878
5474,1837
5475,1201
5476,2385
5477,1111
5478,387
5479,1694
5480,-713
5481,2849
5482,2969
5483,1527
5484,-989
5485,2395
5486,1819
5487,1356
5488,1628
5489,-481
5490,495
5491,-539
5492,2297
5493,2684
5494,2374
5495,220
5496,2579
5497,-75
5498,-678
5499,-436
5500,2262
5501,-460
5502,530
5503,259
5504,22
5505,1259
5506,2803
5507,448
5508,2990
5509,-344
5510,-988
5511,1068
5512,1382
5513,2501
5514,1706
5515,1601
5516,-730
5517,2122
5518,965
5519,-411
5520,-565
5521,2404
5522,-964
5523,-797
5524,961
5525,-985
5526,-747
5527,2130
5528,2236
5529,2314
5530,-689
5531,603
5532,2365
5533,-248
5534,1849
5535,-643
5536,-587
5537,2395
5538,1074
5539,1132
5540,-275
5541,98
5542,-901
5543,734
5544,-185
5545,-466
5546,608
5547,2007
5548,-408
5549,1229
5550,2508
5551,-130
5552,-513
5553,-146
5554,2036
5555,-293
5556,693
5557,2156
5558,2839
5559,-528
5560,503
5561,2235
5562,1324
5563,1839
5564,1917
5565,-783
5566,2255
5567,2749
5568,1749
5569,-400
5570,-207
5571,898
5572,-910
5573,1251
5574,742
5575,1048
5576,2671
5577,2941
5578,2287
5579,1182
5580,267
5581,-484
5582,414
5583,509
5584,1677
5585,-473
5586,2749
5587,-179
5588,1372
5589,1786
5590,1321
5591,2643
5592,69
5593,-984
5594,-867
5595,2542
5596,2807
5597,1339
5598,264
5599,1328
5600,205
5601,2548
5602,191
5603,1265
5604,-781
5605,-463
5606,35
5607,472
5608,1189
5609,-171
5610,-297
5611,505
5612,1696
5613,-109
5614,1752
5615,1206
5616,2392
5617,1067
5618,2899
5619,-186
5620,149
5621,-465
5622,2041
5623,1544
5624,2892
5625,-321
5626,1541
5627,44
5628,1446
5629,2162
5630,-486
5631,239
5632,776
5633,-206
5634,2321
5635,-600
5636,2511
5637,2544
5638,2102
5639,2351
5640,327
5641,-401
5642,2064
5643,2277
5644,2665
5645,1319
5646,695
5647,206
5648,1739
5649,-538
5650,-266
5651,1295
5652,842
5653,1620
5654,829
5655,2661
5656,727
5657,-800
5658,2446
5659,2289
5660,1781
5661,1377
5662,-102
5663,2976
5664,671
5665,703
5666,1411
5667,2722
5668,236
5669,1676
5670,-298
5671,2130
5672,2288
5673,2764
5674,1643
5675,1868
5676,11
5677,203
5678,2451
5679,303
5680,2367
5681,1385
5682,2729
5683,2486
5684,-152
5685,562
5686,467
5687,1285
5688,133
5689,-584
5690,196
5691,1022
5692,-729
5693,-616
5694,1280
5695,1761
5696,426
5697,262
5698,-330
5699,2767
5700,398
5701,2533
5702,630
5703,991
5704,-599
5705,1051
5706,465
5707,-423
5708,250
5709,2278
5710,1178
5711,2333
5712,62
5713,-45
5714,2201
5715,1595
5716,-204
5717,-743
5718,39
5719,835
5720,-472
5721,842
5722,982
5723,401
5724,2218
5725,2989
5726,2415
5727,-110
5728,2529
5729,-902
5730,866
5731,1340
5732,-290
5733,2593
5734,1979
5735,292
5736,-774
5737,286
5738,1440
5739,-414
5740,1526
5741,2489
5742,2394
5743,1005
5744,1545
5745,560
5746,-116
5747,-231
5748,2804
5749,890
5750,578
5751,2036
5752,2441
5753,-497
5754,1388
5755,868
5756,-136
5757,-532
5758,-661
5759,1389
5760,2515
5761,-239
5762,-580
5763,2501
5764,2603
5765,1829
5766,-106
5767,1414
5768,-660
5769,527
5770,1103
5771,1898
5772,2574
5773,2014
5774,810
5775,286
5776,-759
5777,1322
5778,1817
5779,2372
5780,1469
5781,-61
5782,2188
5783,173
5784,288
5785,1319
5786,1706
5787,1071
5788,1356
5789,-450
5790,1117
5791,1647
5792,962
5793,2914
5794,1798
5795,2382
5796,304
5797,807
5798,382
5799,2862
5800,-929
5801,1355
5802,-343
5803,-558
5804,2806
5805,1978
5806,331
5807,-171
5808,-767
5809,975
5810,-978
5811,2971
5812,-850
5813,-190
5814,484
5815,-811
5816,1362
5817,-825
5818,-792
5819,631
5820,1188
5821,-82
5822,6
5823,1020
5824,2740
5825,1499
5826,1046
5827,1266
5828,1866
5829,2888
5830,1534
5831,991
5832,2597
5833,-681
5834,2445
5835,-980
5836,-708
5837,638
5838,720
5839,1387
5840,606
5841,1788
5842,-810
5843,52
5844,2524
5845,1207
5846,2407
5847,-232
5848,100
5849,1580
5850,2048
5851,-621
5852,-850
5853,-532
5854,-17
5855,1405
5856,1782
5857,1546
5858,2304
5859,-502
5860,1310
5861,1956
5862,1942
5863,2192
5864,2520
5865,1196
5866,2853
5867,529
5868,-714
5869,-276
5870,-426
5871,-674
5872,2592
5873,-109
5874,897
5875,-476
5876,2246
5877,2971
5878,2876
5879,-575
5880,2097
5881,2418
5882,-180
5883,1036
5884,2417
5885,-716
5886,2477
5887,2129
5888,-970
5889,1493
5890,1903
5891,1730
5892,1245
5893,-852
5894,482
5895,540
5896,1597
5897,475
5898,2140
5899,366
5900,956
5901,437
5902,633
5903,2065
5904,809
5905,478
5906,-127
5907,1453
5908,2824
5909,1899
5910,-991
5911,-27
5912,2412
5913,1443
5914,-735
5915,1656
5916,-553
5917,888
5918,1238
5919,2235
5920,1895
5921,2857
5922,6
5923,1603
5924,946
5925,800
5926,-72
5927,2100
5928,1289
5929,2933
5930,-924
5931,-94
5932,1890
5933,1221
5934,356
5935,1637
5936,1409
5937,312
5938,2196
5939,-45
5940,2153
5941,2306
5942,2096
5943,686
5944,2332
5945,596
5946,1626
5947,2408
5948,-924
5949,84
5950,-878
5951,-930
5952,712
5953,1167
5954,1082
5955,-352
5956,-7
5957,-338
5958,16
5959,2592
5960,-683
5961,2298
5962,2928
5963,2080
5964,-357
5965,2085
5966,1647
5967,-172
5968,150
5969,-451
5970,1027
5971,-638
5972,-678
5973,2048
5974,-505
5975,2998
5976,-606
5977,2219
5978,1237
5979,2690
5980,-114
5981,2392
5982,720
5983,-410
5984,2821
5985,1146
5986,2504
5987,1968
5988,-444
5989,-367
5990,1616
5991,2969
5992,-467
5993,1936
5994,965
5995,1589
5996,2012
5997,-741
5998,2407
5999,-256
6000,1478
6001,2201
6002,1085
6003,2463
6004,1887
6005,2776
6006,1833
6007,2365
6008,1379
6009,2302
6010,-445
6011,2350
6012,360
6013,-347
6014,-683
6015,1533
6016,950
6017,-36
6018,1468
6019,2395
6020,2385
6021,-998
6022,2952
6023,1252
6024,856
6025,960
6026,145
6027,-133
6028,2577
6029,1402
6030,1920
6031,2574
6032,1120
6033,-56
6034,2828
6035,2084
6036,-36
6037,2451
6038,2148
6039,1487
6040,-223
6041,2173
6042,351
6043,2919
6044,-64
6045,1774
6046,558
6047,1473
6048,1860
6049,1675
6050,632
6051,322
6052,1957
6053,-706
6054,-340
6055,186
6056,1880
6057,2891
6058,-211
6059,21
6060,-249
6061,887
6062,1019
6063,1929
6064,2529
6065,2305
6066,1639
6067,1207
6068,-968
6069,2315
6070,479
6071,887
6072,258
6073,220
6074,-402
6075,879
6076,736
6077,2854
6078,645
6079,503
6080,1051
6081,471
6082,493
6083,2429
6084,885
6085,2584
6086,-216
6087,2054
6088,1449
6089,-925
6090,140
6091,2406
6092,1394
6093,1451
6094,-781
6095,2607
6096,-1
6097,2345
6098,876
6099,-765
6100,111
6101,909
6102,1262
6103,1608
6104,1692
6105,-332
6106,-714
6107,-993
6108,1561
6109,1581
6110,2691
6111,-967
6112,-117
6113,652
6114,-60
6115,1116
6116,1320
6117,1135
6118,124
6119,-991
6120,1769
6121,-451
6122,22
6123,-331
6124,1540
6125,1577
6126,2766
6127,-425
6128,-519
6129,2451
6130,-844
6131,1508
6132,1860
6133,2120
6134,-69
6135,2916
6136,-56
6137,2672
6138,2940
6139,929
6140,1299
6141,1506
6142,2528
6143,2122
6144,2072
6145,2670
6146,534
6147,-513
6148,2288
6149,633
6150,423
6151,-505
6152,2373
6153,-586
6154,1533
6155,-861
6156,862
6157,-577
6158,813
6159,2240
6160,2793
6161,-89
6162,2500
6163,2200
6164,2719
6165,2148
6166,505
6167,1221
6168,-504
6169,-380
6170,520
6171,2120
6172,1927
6173,-333
6174,1426
6175,2102
6176,203
6177,996
6178,-539
6179,597
6180,1910
6181,2921
6182,-624
6183,905
6184,-416
6185,2006
6186,1957
6187,557
6188,2109
6189,2868
6190,-640
6191,2460
6192,2140
6193,-331
6194,1240
6195,-264
6196,1526
6197,2188
6198,12
6199,-358
6200,2874
6201,1765
6202,2541
6203,-49
6204,19
6205,2695
6206,-738
6207,888
6208,862
6209,2387
6210,1826
6211,1303
6212,174
6213,-233
6214,-761
6215,1928
6216,124
6217,2418
6218,1735
6219,2456
6220,2915
6221,1014
6222,1640
6223,2831
6224,2558
6225,1683
6226,-454
6227,2298
6228,527
6229,1356
6230,1234
6231,-315
6232,-196
6233,2940
6234,2784
6235,2319
6236,1743
6237,1938
6238,2038
6239,-177
6240,46
6241,256
6242,2735
6243,-461
6244,-923
6245,711
6246,271
6247,1657
6248,-566
6249,-938
6250,1398
6251,2894
6252,-739
6253,-188
6254,1966
6255,-339
6256,728
6257,60
6258,2555
6259,-578
6260,1229
6261,-334
6262,967
6263,570
6264,-950
6265,255
6266,-722
6267,2449
6268,-604
6269,1539
6270,2101
6271,2116
6272,275
6273,1108
6274,1226
6275,331
6276,627
6277,2187
6278,-566
6279,1308
6280,-788
6281,1196
6282,1698
6283,1437
6284,-701
6285,-326
6286,1055
6287,778
6288,2888
6289,1256
6290,2801
6291,2982
6292,2767
6293,-231
6294,1559
6295,895
6296,1304
6297,1410
6298,2118
6299,-949
6300,695
6301,1281
6302,563
6303,2806
6304,1716
6305,2942
6306,-356
6307,1862
6308,1002
6309,1512
6310,373
6311,-383
6312,1834
6313,1565
6314,2235
6315,-208
6316,2445
6317,685
6318,317
6319,1566
6320,2824
6321,2804
6322,1700
6323,747
6324,-472
6325,1619
6326,98
6327,743
6328,1781
6329,-700
6330,2423
6331,1371
6332,313
6333,499
6334,1881
6335,-733
6336,-739
6337,-887
6338,1054
6339,2837
6340,2139
6341,-113
6342,2191
6343,1440
6344,2056
6345,1944
6346,413
6347,-83
6348,1645
6349,1632
6350,-420
6351,2420
6352,261
6353,-143
6354,2873
6355,-491
6356,1118
6357,-362
6358,-601
6359,2847
6360,821
6361,952
6362,-582
6363,2574
6364,-659
6365,-411
6366,1144
6367,-886
6368,815
6369,469
6370,1534
6371,2193
6372,459
6373,862
6374,832
6375,-635
6376,1205
6377,323
6378,-699
6379,-644
6380,-127
6381,1665
6382,1469
6383,1536
6384,2465
6385,2641
6386,143
6387,-228
6388,-618
6389,1080
6390,502
6391,1058
6392,705
6393,-973
6394,2931
6395,-236
6396,2592
6397,481
6398,161
6399,-520
6400,546
6401,46
6402,-23
6403,1988
6404,2337
6405,399
6406,706
6407,2693
6408,2193
6409,1502
6410,2719
6411,1460
6412,-515
6413,161
6414,69
6415,-292
6416,-319
6417,1
6418,2154
6419,629
6420,2689
6421,610
6422,2859
6423,1530
6424,2756
6425,-834
6426,-797
6427,-412
6428,1931
6429,851
6430,518
6431,-189
6432,1347
6433,693
6434,-746
6435,1137
6436,340
6437,50
6438,62
6439,-882
6440,458
6441,2193
6442,677
6443,927
6444,669
6445,2135
6446,2154
6447,2215
6448,-435
6449,990
6450,1095
6451,-575
6452,291
6453,767
6454,694
6455,1360
6456,469
6457,2167
6458,2866
6459,1894
6460,-897
6461,2884
6462,1224
6463,2483
6464,1293
6465,637
6466,1645
6467,2618
6468,908
6469,346
6470,2211
6471,1179
6472,2048
6473,1840
6474,1643
6475,903
6476,439
6477,-159
6478,446
6479,2622
6480,2622
6481,1864
6482,2876
6483,1354
6484,2664
6485,-112
6486,2445
6487,-46
6488,-363
6489,-986
6490,2573
6491,2516
6492,709
6493,1861
6494,1428
6495,2507
6496,2298
6497,1474
6498,652
6499,374
6500,2237
6501,584
6502,-57
6503,-237
6504,-983
6505,-514
6506,105
6507,-737
6508,-188
6509,861
6510,2144
6511,2565
6512,-736
6513,-145
6514,-69
6515,783
6516,14
6517,-733
6518,2443
6519,1180
6520,1098
6521,2156
6522,943
6523,2493
6524,16
6525,1677
6526,1653
6527,2993
6528,699
6529,456
6530,1843
6531,1266
6532,939
6533,2413
6534,267
6535,633
6536,2915
6537,933
6538,-958
6539,825
6540,949
6541,-646
6542,1528
6543,230
6544,1570
6545,1862
6546,-683
6547,758
6548,2960
6549,-913
6550,500
6551,-431
6552,1103
6553,-569
6554,2716
6555,782
6556,2375
6557,2743
6558,1444
6559,2770
6560,256
6561,-3
6562,-514
6563,2612
6564,2097
6565,1072
6566,-820
6567,387
6568,774
6569,702
6570,1513
6571,1217
6572,531
6573,1823
6574,2144
6575,-740
6576,2755
6577,129
6578,-531
6579,134
6580,1994
6581,-381
6582,1779
6583,1823
6584,-720
6585,1847
6586,2687
6587,1922
6588,-978
6589,471
6590,2979
6591,2391
6592,2443
6593,-964
6594,580
6595,1857
6596,850
6597,607
6598,1440
6599,-994
6600,850
6601,607
6602,-740
6603,254
6604,259
6605,362
6606,49
6607,792
6608,-179
6609,2915
6610,516
6611,1642
6612,-688
6613,466
6614,-735
6615,-457
6616,2277
6617,1077
6618,364
6619,2602
6620,941
6621,-199
6622,2968
6623,1372
6624,-640
6625,1175
6626,-466
6627,1575
6628,-771
6629,518
6630,1527
6631,253
6632,2665
6633,-483
6634,2404
6635,2838
6636,1154
6637,2924
6638,2232
6639,381
6640,64
6641,2105
6642,1215
6643,2786
6644,2957
6645,1702
6646,2392
6647,445
6648,916
6649,711
6650,-34
6651,1671
6652,788
6653,2237
6654,-252
6655,2579
6656,594
6657,-71
6658,-930
6659,2065
6660,-185
6661,596
6662,1233
6663,2101
6664,2255
6665,-572
6666,-627
6667,2189
6668,2955
6669,1988
6670,2122
6671,2999
6672,1502
6673,72
6674,834
6675,987
6676,1058
6677,1466
6678,1375
6679,-713
6680,1239
6681,1527
6682,-428
6683,860
6684,1363
6685,445
6686,-656
6687,-498
6688,1582
6689,-463
6690,462
6691,1710
6692,1042
6693,2989
6694,2424
6695,459
6696,-433
6697,1886
6698,-118
6699,1865
6700,807
6701,-618
6702,245
6703,-800
6704,-41
6705,2419
6706,43
6707,2771
6708,337
6709,440
6710,1288
6711,-414
6712,1858
6713,398
6714,1062
6715,2086
6716,-968
6717,1187
6718,2843
6719,-219
6720,773
6721,2205
6722,602
6723,308
6724,1084
6725,-511
6726,1753
6727,664
6728,-289
6729,158
6730,232
6731,2599
6732,631
6733,-150
6734,316
6735,-119
6736,-328
6737,1751
6738,1157
6739,1200
6740,1114
6741,-957
6742,-388
6743,635
6744,464
6745,2944
6746,2803
6747,1088
6748,1241
6749,1998
6750,2794
6751,-542
6752,-889
6753,2970
6754,2400
6755,-952
6756,1089
6757,2074
6758,2828
6759,-181
6760,667
6761,-750
6762,1503
6763,347
6764,2514
6765,2958
6766,-969
6767,1466
6768,1053
6769,508
6770,-494
6771,2051
6772,1615
6773,-453
6774,-829
6775,534
6776,1088
6777,1012
6778,590
6779,2954
6780,1031
6781,2533
6782,438
6783,1319
6784,228
6785,1657
6786,1524
6787,2218
6788,1143
6789,-715
6790,272
6791,2121
6792,2333
6793,1418
6794,-216
6795,709
6796,2020
6797,1222
6798,2188
6799,-562
6800,959
6801,2250
6802,-483
6803,-901
6804,826
6805,2519
6806,-874
6807,400
6808,1726
6809,1608
6810,-419
6811,-533
6812,-926
6813,1718
6814,226
6815,2260
6816,2966
6817,1730
6818,2423
6819,1314
6820,904
6821,1979
6822,1712
6823,-245
6824,2609
6825,1642
6826,1869
6827,1417
6828,1120
6829,-563
6830,-687
6831,-984
6832,822
6833,1326
6834,558
6835,2739
6836,1962
6837,-722
6838,1497
6839,2462
6840,1097
6841,389
6842,1475
6843,562
6844,-231
6845,321
6846,1146
6847,-281
6848,-776
6849,397
6850,2415
6851,2651
6852,2449
6853,1088
6854,2851
6855,233
6856,1240
6857,1075
6858,1167
6859,-844
6860,798
6861,1211
6862,-876
6863,2814
6864,2551
6865,902
6866,-182
6867,297
6868,-389
6869,1626
6870,-30
6871,-773
6872,548
6873,1300
6874,859
6875,1939
6876,1716
6877,674
6878,310
6879,1188
6880,1951
6881,716
6882,340
6883,1285
6884,-123
6885,1383
6886,1390
6887,2663
6888,2664
6889,412
6890,2672
6891,2629
6892,-472
6893,1602
6894,531
6895,755
6896,2127
6897,310
6898,1728
6899,-988
6900,223
6901,551
6902,1956
6903,134
6904,520
6905,2665
6906,-202
6907,-876
6908,114
6909,-966
6910,806
6911,-528
6912,667
6913,-663
6914,1576
6915,48
6916,2341
6917,1014
6918,1818
6919,600
6920,1808
6921,2714
6922,1026
6923,2968
6924,1987
6925,2978
6926,2246
6927,2380
6928,-84
6929,1861
6930,1241
6931,-958
6932,1909
6933,455
6934,1479
6935,-274
6936,2796
6937,2897
6938,228
6939,-309
6940,2074
6941,1747
6942,2636
6943,608
6944,828
6945,85
6946,2942
6947,-334
6948,504
6949,-488
6950,1431
6951,1692
6952,2380
6953,2630
6954,1823
6955,2643
6956,2483
6957,2857
6958,35
6959,962
6960,1781
6961,-459
6962,1385
6963,2615
6964,529
6965,1229
6966,2084
6967,-286
6968,-561
6969,2265
6970,1170
6971,1621
6972,1791
6973,1178
6974,679
6975,718
6976,1542
6977,2956
6978,779
6979,2430
6980,1075
6981,2781
6982,2020
6983,-248
6984,1229
6985,186
6986,-202
6987,2507
6988,1676
6989,2356
6990,2923
6991,-103
6992,2065
6993,1414
6994,1200
6995,950
6996,2928
6997,1161
6998,1074
6999,-378
7000,2051
7001,-179
7002,8
7003,-663
7004,746
7005,-234
7006,600
7007,926
7008,1052
7009,1033
7010,2800
7011,1615
7012,2779
7013,85
7014,335
7015,1108
7016,-969
7017,717
7018,2830
7019,2049
7020,935
7021,2526
7022,1362
7023,2014
7024,28
7025,-802
7026,-563
7027,840
7028,1949
7029,310
7030,52
7031,-242
7032,1542
7033,2987
7034,639
7035,1564
7036,-277
7037,988
7038,585
7039,1389
7040,2677
7041,1557
7042,1181
7043,1973
7044,377
7045,2110
7046,178
7047,340
7048,-563
7049,2571
7050,2196
7051,2140
7052,1019
7053,1726
7054,-474
7055,604
7056,33
7057,1335
7058,770
7059,356
7060,1554
7061,142
7062,2093
7063,2281
7064,1850
7065,-176
7066,297
7067,1848
7068,2476
7069,266
7070,-405
7071,2762
7072,879
7073,-403
7074,-189
7075,2664
7076,2055
7077,-24
7078,2499
7079,2360
7080,99
7081,319
7082,1773
7083,1133
7084,-216
7085,339
7086,1980
7087,1534
7088,-281
7089,2812
7090,-346
7091,576
7092,2312
7093,-19
7094,-121
7095,2380
7096,1604
7097,-844
7098,-793
7099,-552
7100,1221
7101,1542
7102,-582
7103,2815
7104,2401
7105,531
7106,1019
7107,-421
7108,1872
7109,1482
7110,2899
7111,2198
7112,284
7113,1082
7114,-373
7115,2680
7116,2075
7117,1098
7118,2811
7119,1528
7120,1489
7121,58
7122,727
7123,-321
7124,152
7125,542
7126,895
7127,1992
7128,1427
7129,266
7130,56
7131,618
7132,547
7133,2533
7134,1501
7135,-795
7136,1526
7137,394
7138,632
7139,1509
7140,-152
7141,1129
7142,1776
7143,-723
7144,2199
7145,-997
7146,2520
7147,314
7148,721
7149,2113
7150,-369
7151,2444
7152,2836
7153,-965
7154,286
7155,1079
7156,2842
7157,112
7158,2857
7159,-654
7160,726
7161,29
7162,1758
7163,-807
7164,629
7165,865
7166,1029
7167,327
7168,1988
7169,2677
7170,1195
7171,2428
7172,1771
7173,6
7174,-760
7175,295
7176,2569
7177,2052
7178,148
7179,2619
7180,847
7181,253
7182,1119
7183,1320
7184,-755
7185,1581
7186,2134
7187,244
7188,2041
7189,2226
7190,63
7191,2149
7192,895
7193,2655
7194,246
7195,2558
7196,-889
7197,1319
7198,-583
7199,2811
7200,-963
7201,373
7202,152
7203,-166
7204,2512
7205,586
7206,1435
7207,-880
7208,2495
7209,400
7210,1840
7211,247
7212,2699
7213,1153
7214,-87
7215,2285
7216,962
7217,-405
7218,1612
7219,-98
7220,-331
7221,1552
7222,294
7223,37
7224,854
7225,143
7226,-862
7227,2129
7228,-653
7229,-345
7230,820
7231,1797
7232,2036
7233,1924
7234,1415
7235,1395
7236,934
7237,2330
7238,-958
7239,-721
7240,-14
7241,1167
7242,249
7243,-892
7244,1384
7245,1468
7246,-364
7247,-872
7248,2386
7249,469
7250,2328
7251,-396
7252,2818
7253,2627
7254,2989
7255,2970
7256,1391
7257,-679
7258,-181
7259,5
7260,2833
7261,586
7262,137
7263,-265
7264,1469
7265,2054
7266,181
7267,2105
7268,2442
7269,-570
7270,2198
7271,1710
7272,2421
7273,2588
7274,2758
7275,1673
7276,1635
7277,1695
7278,207
7279,2585
7280,153
7281,1019
7282,1921
7283,2487
7284,1606
7285,1524
7286,1507
7287,2886
7288,2256
7289,1665
7290,1613
7291,2371
7292,-360
7293,-556
7294,1859
7295,-837
7296,250
7297,-774
7298,1225
7299,-186
7300,109
7301,2556
7302,11
7303,68
7304,1409
7305,607
7306,1155
7307,717
7308,380
7309,2818
7310,2091
7311,2670
7312,-551
7313,1700
7314,2860
7315,2930
7316,1087
7317,339
7318,-737
7319,1772
7320,971
7321,626
7322,2483
7323,2632
7324,2992
7325,-840
7326,2890
7327,2070
7328,2048
7329,1871
7330,-149
7331,1291
7332,611
7333,2944
7334,836
7335,931
7336,512
7337,2726
7338,1462
7339,1342
7340,1513
7341,-698
7342,325
7343,-180
7344,238
7345,2459
7346,2890
7347,452
7348,186
7349,2138
7350,1749
7351,-206
7352,-571
7353,-103
7354,-309
7355,689
7356,2602
7357,1220
7358,-474
7359,1703
7360,1376
7361,2216
7362,1591
7363,-284
7364,765
7365,2104
7366,356
7367,1723
7368,1727
7369,691
7370,1047
7371,942
7372,2865
7373,2091
7374,1111
7375,103
7376,1236
7377,-435
7378,-807
7379,-631
7380,1943
7381,-488
7382,2485
7383,957
7384,-603
7385,2465
7386,2153
7387,-526
7388,1425
7389,987
7390,-967
7391,2903
7392,1791
7393,1622
7394,1430
7395,1251
7396,6
7397,2310
7398,-228
7399,2411
7400,133
7401,2104
7402,2621
7403,2413
7404,2151
7405,2662
7406,1670
7407,644
7408,1952
7409,1654
7410,1326
7411,-907
7412,-832
7413,447
7414,90
7415,327
7416,1016
7417,873
7418,-805
7419,2537
7420,467
7421,-287
7422,764
7423,2727
7424,-171
7425,1079
7426,1044
7427,2981
7428,2190
7429,103
7430,711
7431,-715
7432,1970
7433,-472
7434,2758
7435,1058
7436,-692
7437,22
7438,-413
7439,1318
7440,729
7441,1182
7442,659
7443,2320
7444,19
7445,2122
7446,-741
7447,-162
7448,531
7449,1200
7450,-959
7451,1549
7452,2184
7453,2590
7454,2554
7455,980
7456,-983
7457,1265
7458,746
7459,1098
7460,366
7461,1138
7462,2547
7463,1790
7464,2751
7465,578
7466,793
7467,-656
7468,1276
7469,-767
7470,-984
7471,-800
7472,1370
7473,-980
7474,2224
7475,2719
7476,402
7477,-62
7478,2246
7479,-466
7480,2443
7481,1063
7482,-19
7483,1692
7484,103
7485,-710
7486,-466
7487,162
7488,-943
7489,2856
7490,510
7491,2958
7492,2120
7493,-571
7494,2515
7495,1264
7496,102
7497,1579
7498,376
7499,1946
7500,2928
7501,2570
7502,-483
7503,2416
7504,1247
7505,1796
7506,1186
7507,2847
7508,-728
7509,-795
7510,-73
7511,1490
7512,2365
7513,2735
7514,-116
7515,1236
7516,2815
7517,1796
7518,598
7519,-70
7520,2119
7521,-533
7522,2737
7523,1638
7524,2101
7525,674
7526,1726
7527,2104
7528,-802
7529,-507
7530,2999
7531,404
7532,-748
7533,-870
7534,130
7535,1420
7536,277
7537,2919
7538,1860
7539,1245
7540,1919
7541,1259
7542,-139
7543,899
7544,2631
7545,91
7546,1797
7547,953
7548,1472
7549,2646
7550,2490
7551,2574
7552,-414
7553,-772
7554,976
7555,1476
7556,1148
7557,-882
7558,1512
7559,2425
7560,-848
7561,2026
7562,879
7563,2776
7564,1811
7565,-120
7566,379
7567,1487
7568,503
7569,363
7570,1485
7571,298
7572,-301
7573,311
7574,-177
7575,1858
7576,2065
7577,2642
7578,449
7579,2721
7580,2691
7581,-438
7582,2293
7583,1634
7584,2689
7585,2813
7586,1864
7587,1518
7588,-632
7589,77
7590,2796
7591,2629
7592,2675
7593,2130
7594,2285
7595,-55
7596,490
7597,177
7598,888
7599,2291
7600,322
7601,2723
7602,-75
7603,1470
7604,1115
7605,-889
7606,449
7607,2851
7608,1257
7609,-543
7610,-71
7611,-835
7612,-903
7613,2110
7614,1941
7615,194
7616,2141
7617,-458
7618,66
7619,2532
7620,894
7621,2702
7622,2321
7623,1152
7624,709
7625,2771
7626,2368
7627,364
7628,-124
7629,-545
7630,2481
7631,2452
7632,1923
7633,1194
7634,231
7635,2110
7636,1982
7637,2076
7638,-367
7639,1678
7640,2803
7641,1718
7642,2824
7643,1162
7644,1220
7645,2477
7646,788
7647,1128
7648,1998
7649,-940
7650,2438
7651,2849
7652,2008
7653,1077
7654,-694
7655,-599
7656,-798
7657,2985
7658,-718
7659,2848
7660,2204
7661,-421
7662,2863
7663,49
7664,-733
7665,-895
7666,926
7667,1432
7668,387
7669,2349
7670,1487
7671,-370
7672,2752
7673,1958
7674,959
7675,362
7676,600
7677,97
7678,216
7679,2690
7680,2260
7681,2304
7682,-625
7683,836
7684,1012
7685,2839
7686,2258
7687,-757
7688,-157
7689,125
7690,670
7691,116
7692,-956
7693,804
7694,2327
7695,252
7696,1492
7697,2625
7698,1765
7699,2561
7700,607
7701,1546
7702,478
7703,2459
7704,817
7705,2226
7706,149
7707,-86
7708,2932
7709,-450
7710,2901
7711,-822
7712,2466
7713,349
7714,2169
7715,-933
7716,-645
7717,649
7718,-68
7719,2630
7720,-172
7721,376
7722,339
7723,1316
7724,2289
7725,1470
7726,1556
7727,-364
7728,71
7729,30
7730,-539
7731,-775
7732,1262
7733,1934
7734,-997
7735,603
7736,-816
7737,1192
7738,778
7739,-396
7740,-82
7741,536
7742,1247
7743,420
7744,2209
7745,1905
7746,945
7747,974
7748,1098
7749,-68
7750,978
7751,1031
7752,2556
7753,98
7754,1159
7755,1238
7756,719
7757,-91
7758,166
7759,2964
7760,-892
7761,688
7762,2677
7763,2455
7764,2444
7765,-827
7766,-951
7767,-681
7768,-480
7769,2303
7770,1017
7771,-197
7772,1440
7773,-168
7774,664
7775,1736
7776,-134
7777,2349
7778,-920
7779,233
7780,2937
7781,-263
7782,-701
7783,2463
7784,735
7785,785
7786,2353
7787,1505
7788,-863
7789,-343
7790,1192
7791,1793
7792,-412
7793,560
7794,210
7795,1366
7796,2234
7797,-918
7798,2471
7799,1901
7800,2212
7801,752
7802,2050
7803,539
7804,1211
7805,351
7806,2058
7807,1895
7808,2390
7809,1342
7810,1922
7811,-884
7812,2872
7813,2276
7814,400
7815,2558
7816,1057
7817,2462
7818,2086
7819,2960
7820,1985
7821,-258
7822,1838
7823,2578
7824,2571
7825,-75
7826,1053
7827,-975
7828,-47
7829,-339
7830,2749
7831,1342
7832,2232
7833,-227
7834,-640
7835,2759
7836,1903
7837,1354
7838,859
7839,-568
7840,2816
7841,181
7842,-132
7843,-875
7844,-58
7845,2625
7846,2994
7847,2036
7848,-228
7849,1938
7850,684
7851,-745
7852,1748
7853,-291
7854,844
7855,2464
7856,2328
7857,2769
7858,2615
7859,212
7860,-46
7861,-182
7862,1502
7863,-351
7864,825
7865,2046
7866,-740
7867,815
7868,2569
7869,310
7870,-265
7871,-508
7872,812
7873,1727
7874,-680
7875,2880
7876,-175
7877,-75
7878,-609
7879,-462
7880,489
7881,-927
7882,1218
7883,1233
7884,2404
7885,761
7886,1832
7887,1050
7888,-634
7889,2373
7890,342
7891,-208
7892,-975
7893,-155
7894,-487
7895,1728
7896,2533
7897,2819
7898,1194
7899,715
7900,2666
7901,619
7902,58
7903,2637
7904,1916
7905,919
7906,1812
7907,2181
7908,1222
7909,-80
7910,1882
7911,1396
7912,552
7913,801
7914,480
7915,-711
7916,655
7917,1972
7918,-684
7919,548
7920,2723
7921,2696
7922,-923
7923,1894
7924,1422
7925,1494
7926,-417
7927,-75
7928,981
7929,-18
7930,2987
7931,886
7932,382
7933,330
7934,-802
7935,2158
7936,92
7937,-635
7938,1837
7939,303
7940,-254
7941,1109
7942,308
7943,509
7944,868
7945,-664
7946,1144
7947,378
7948,-762
7949,2016
7950,575
7951,-784
7952,2400
7953,880
7954,99
7955,1318
7956,-433
7957,-342
7958,2938
7959,1173
7960,-468
7961,1136
7962,1615
7963,2932
7964,1256
7965,-786
7966,-226
7967,1650
7968,2147
7969,2124
7970,-685
7971,-245
7972,1006
7973,2026
7974,1463
7975,2137
7976,2208
7977,721
7978,2217
7979,-731
7980,2643
7981,2721
7982,105
7983,1974
7984,1561
7985,2240
7986,1254
7987,621
7988,1764
7989,-92
7990,1985
7991,1505
7992,2588
7993,1652
7994,-677
7995,1162
7996,1335
7997,2888
7998,-75
7999,834
8000,1750
8001,585
8002,2817
8003,2411
8004,1212
8005,2321
8006,-278
8007,2530
8008,667
8009,632
8010,1792
8011,1597
8012,-901
8013,-639
8014,699
8015,2657
8016,2677
8017,2973
8018,1496
8019,-255
8020,2781
8021,-133
8022,-927
8023,2303
8024,958
8025,2581
8026,1343
8027,2561
8028,2983
8029,162
8030,1694
8031,1712
8032,1384
8033,2855
8034,2291
8035,-833
8036,633
8037,258
8038,454
8039,-723
8040,1604
8041,380
8042,1538
8043,1189
8044,2519
8045,-510
8046,1697
8047,1881
8048,-672
8049,1492
8050,186
8051,-639
8052,-629
8053,-868
8054,2820
8055,446
8056,1979
8057,147
8058,1635
8059,204
8060,2351
8061,2066
8062,1997
8063,723
8064,-791
8065,1952
8066,1853
8067,2844
8068,153
8069,482
8070,883
8071,621
8072,2109
8073,2528
8074,1497
8075,-202
8076,2805
8077,-596
8078,1534
8079,1230
8080,-747
8081,269
8082,1088
8083,771
8084,1689
8085,1186
8086,1937
8087,1139
8088,449
8089,-826
8090,393
8091,1783
8092,38
8093,576
8094,14
8095,702
8096,1857
8097,594
8098,453
8099,-391
8100,-370
8101,-873
8102,-610
8103,633
8104,1751
8105,-139
8106,439
8107,-658
8108,1506
8109,2477
8110,759
8111,1257
8112,2295
8113,1605
8114,2784
8115,1045
8116,623
8117,1067
8118,483
8119,2217
8120,481
8121,2823
8122,-614
8123,528
8124,1409
8125,2108
8126,1853
8127,53
8128,393
8129,2917
8130,369
8131,1607
8132,522
8133,1704
8134,1439
8135,1825
8136,1566
8137,1757
8138,2265
8139,1597
8140,1391
8141,630
8142,2939
8143,770
8144,1899
8145,921
8146,1239
8147,2024
8148,751
8149,283
8150,-466
8151,527
8152,1340
8153,767
8154,1076
8155,712
8156,1498
8157,785
8158,1093
8159,1303
8160,747
8161,-446
8162,1966
8163,386
8164,1335
8165,2893
8166,2823
8167,-796
8168,-144
8169,2219
8170,1234
8171,2303
8172,-324
8173,2090
8174,2464
8175,731
8176,-486
8177,537
8178,-590
8179,2891
8180,1087
8181,2810
8182,-174
8183,2351
8184,-134
8185,2582
8186,1931
8187,397
8188,700
8189,68
8190,353
8191,1297
8192,-804
8193,-839
8194,-482
8195,1440
8196,359
8197,104
8198,1901
8199,100
8200,590
8201,-710
8202,-631
8203,1479
8204,658
8205,605
8206,520
8207,-784
8208,2534
8209,1411
8210,2896
8211,-12
8212,632
8213,2678
8214,-269
8215,893
8216,941
8217,2964
8218,-443
8219,1152
8220,2051
8221,1601
8222,2032
8223,2042
8224,138
8225,-916
8226,1544
8227,-84
8228,-120
8229,-311
8230,1919
8231,2920
8232,-408
8233,328
8234,690
8235,1839
8236,-818
8237,356
8238,-896
8239,1291
8240,2074
8241,2776
8242,2972
8243,2298
8244,-605
8245,880
8246,82
8247,535
8248,-302
8249,-23
8250,577
8251,1553
8252,-320
8253,2135
8254,-698
8255,809
8256,2976
8257,-710
8258,1483
8259,821
8260,-932
8261,2153
8262,1467
8263,-589
8264,2623
8265,-112
8266,471
8267,-275
8268,2148
8269,2595
8270,2856
8271,459
8272,-266
8273,-397
8274,-281
8275,2526
8276,1763
8277,-984
8278,2205
8279,922
8280,2757
8281,2292
8282,2008
8283,-278
8284,1138
8285,588
8286,2804
8287,2944
8288,-128
8289,2144
8290,2837
8291,702
8292,18
8293,2642
8294,1571
8295,-776
8296,1874
8297,425
8298,1458
8299,-307
8300,1063
8301,-584
8302,2299
8303,2793
8304,-681
8305,2390
8306,551
8307,-194
8308,-797
8309,1444
8310,1375
8311,-891
8312,-876
8313,2919
8314,288
8315,259
8316,-952
8317,422
8318,1218
8319,472
8320,2229
8321,1697
8322,-676
8323,45
8324,-904
8325,-640
8326,2265
8327,-18
8328,1452
8329,-564
8330,2034
8331,1033
8332,1110
8333,-188
8334,293
8335,-450
8336,1400
8337,-178
8338,-178
8339,227
8340,1889
8341,-152
8342,1925
8343,-994
8344,1062
8345,-20
8346,2793
8347,420
8348,862
8349,-689
8350,1988
8351,1574
8352,879
8353,194
8354,548
8355,2171
8356,-977
8357,296
8358,713
8359,-684
8360,-789
8361,1387
8362,1595
8363,1501
8364,-123
8365,459
8366,1964
8367,345
8368,351
8369,-620
8370,309
8371,-73
8372,-216
8373,2678
8374,-952
8375,2635
8376,-118
8377,1165
8378,454
8379,800
8380,-973
8381,1001
8382,2160
8383,-200
8384,1263
8385,2989
8386,468
8387,-48
8388,-347
8389,2491
8390,1844
8391,794
8392,227
8393,401
8394,189
8395,852
8396,2228
8397,1831
8398,1840
8399,971
8400,2724
8401,-653
8402,1373
8403,2593
8404,-776
8405,1194
8406,1123
8407,1388
8408,-349
8409,-615
8410,1092
8411,1683
8412,-666
8413,1763
8414,478
8415,444
8416,2658
8417,1042
8418,809
8419,30
8420,-885
8421,1234
8422,1637
8423,604
8424,-807
8425,97
8426,55
8427,1126
8428,2901
8429,621
8430,1249
8431,529
8432,-109
8433,2604
8434,2092
8435,2076
8436,2465
8437,-538
8438,1299
8439,2498
8440,1260
8441,1278
8442,1430
8443,2401
8444,2319
8445,480
8446,-902
8447,-889
8448,-877
8449,752
8450,1207
8451,1426
8452,-5
8453,-442
8454,-646
8455,431
8456,561
8457,-393
8458,-427
8459,2048
8460,-712
8461,799
8462,1321
8463,-40
8464,1298
8465,2775
8466,2132
8467,-684
8468,1851
8469,1436
8470,19
8471,655
8472,1994
8473,310
8474,1167
8475,2061
8476,187
8477,1686
8478,1892
8479,-640
8480,-488
8481,591
8482,-799
8483,1984
8484,-365
8485,724
8486,58
8487,-136
8488,618
8489,2356
8490,1184
8491,1022
8492,2912
8493,-632
8494,1308
8495,555
8496,794
8497,1425
8498,432
8499,514
8500,516
8501,-362
8502,2128
8503,668
8504,-476
8505,-321
8506,-223
8507,2767
8508,2460
8509,336
8510,626
8511,2532
8512,1726
8513,2194
8514,1646
8515,456
8516,625
8517,23
8518,2436
8519,-481
8520,523
8521,2622
8522,2414
8523,-397
8524,2855
8525,134
8526,1585
8527,-208
8528,492
8529,1085
8530,1131
8531,-96
8532,1409
8533,2258
8534,1549
8535,2447
8536,2711
8537,165
8538,2845
8539,1164
8540,-320
8541,-53
8542,1852
8543,-266
8544,-46
8545,270
8546,1147
8547,574
8548,-657
8549,92
8550,1946
8551,2539
8552,2217
8553,234
8554,2187
8555,1378
8556,36
8557,1230
8558,718
8559,2745
8560,-93
8561,2476
8562,-533
8563,-981
8564,2942
8565,2219
8566,592
8567,452
8568,2570
8569,1278
8570,1334
8571,1546
8572,-614
8573,1838
8574,-442
8575,2536
8576,990
8577,2859
8578,-123
8579,311
8580,1083
8581,954
8582,2696
8583,937
8584,-475
8585,2962
8586,-151
8587,2707
8588,1783
8589,2147
8590,-737
8591,-513
8592,2343
8593,1792
8594,-715
8595,1255
8596,-471
8597,-356
8598,695
8599,76
8600,-794
8601,698
8602,-562
8603,1099
8604,1430
8605,2221
8606,-669
8607,792
8608,1742
8609,-33
8610,-468
8611,2733
8612,-475
8613,-864
8614,1643
8615,2407
8616,-629
8617,2857
8618,-663
8619,-578
8620,1470
8621,2646
8622,751
8623,-403
8624,733
8625,2823
8626,701
8627,1098
8628,-517
8629,2712
8630,-637
8631,548
8632,1819
8633,181
8634,814
8635,-251
8636,-988
8637,-218
8638,82
8639,2417
8640,1752
8641,-833
8642,-687
8643,2658
8644,-886
8645,-618
8646,709
8647,-928
8648,795
8649,1365
8650,554
8651,2052
8652,2140
8653,949
8654,1607
8655,2113
8656,2457
8657,2904
8658,1549
8659,1443
8660,2314
8661,-22
8662,1241
8663,1461
8664,-240
8665,1629
8666,-994
8667,678
8668,870
8669,2381
8670,265
8671,2873
8672,-93
8673,67
8674,2794
8675,2403
8676,1031
8677,2451
8678,-408
8679,-556
8680,158
8681,-535
8682,1942
8683,-545
8684,2574
8685,-123
8686,-432
8687,1376
8688,2387
8689,2454
8690,1254
8691,2376
8692,-529
8693,1452
8694,-297
8695,-45
8696,1103
8697,2520
8698,923
8699,2107
8700,744
8701,805
8702,1804
8703,-37
8704,1874
8705,-258
8706,395
8707,-804
8708,-434
8709,1780
8710,752
8711,365
8712,2909
8713,-767
8714,2929
8715,2765
8716,963
8717,799
8718,894
8719,978
8720,2946
8721,1668
8722,-816
8723,1623
8724,73
8725,2239
8726,755
8727,1895
8728,1589
8729,-126
8730,576
8731,1348
8732,198
8733,1593
8734,48
8735,586
8736,-852
8737,621
8738,2801
8739,2160
8740,2135
8741,-396
8742,1168
8743,789
8744,2239
8745,2840
8746,-617
8747,2148
8748,2376
8749,-248
8750,1291
8751,341
8752,1419
8753,2329
8754,-776
8755,-642
8756,-979
8757,720
8758,2082
8759,2101
